1;6;5;30-07-13;S/N;10;600;GASTO;COCHINOS BEBE;1;1;1;UND;1;30-07-13;1;1;16;1
2;6;5;31-07-13;S/N;1;4330;GASTO;ALIMENTO ANTES 14 DE SEPTIEMBRE;1;1;1;UND;1;31-07-13;1;1;18;1
3;6;5;01-08-13;S/N;12;330;GASTO;ALIMENTO ;1;1;1;UND;1;01-08-13;1;1;18;1
4;6;5;02-08-13;S/N;7;336;GASTO;ALIMENTO ;1;1;1;UND;1;02-08-13;1;1;18;1
5;22;5;15-10-13;S/N;10;339;GASTO;STARTE LIVIANA;1;1;1;SACO;1;15-10-13;1;1;65;1
6;20;5;15-10-13;S/N;35;324;GASTO;INICIAL ENER S/G ESP;1;1;1;SACO;1;15-10-13;1;1;62;1
7;20;5;15-10-13;S/N;42;324;GASTO;POLLOS CREC ENG. ENERG. GR;1;1;1;SACO ;1;15-10-13;1;1;62;1
8;6;5;18-10-13;S/N;7;333;GASTO;CERDO CRECIMIE;1;1;1;SACO;1;18-10-13;1;1;17;1
9;23;5;18-10-13;S/N;52;323;GASTO;PONEDORA;1;1;1;SACO;1;18-10-13;1;1;3;1
10;22;5;18-10-13;S/N;1;196;GASTO;HIDRATANTES;1;1;1;UND;1;18-10-13;1;1;41;1
11;22;5;18-10-13;S/N;500;20;GASTO;POLLITAS BB;1;1;1;UND;1;18-10-13;1;1;64;1
12;20;5;18-10-13;S/N;28;234;GASTO;POLLITO CRECE;1;1;1;SACO;1;18-10-13;1;1;62;1
13;22;5;25-10-13;S/N;1;45;GASTO;VACUNA( GOMBORO);1;1;1;UND;1;25-10-13;1;1;78;1
14;22;5;25-10-13;S/N;1;80;GASTO;VACUNA (NEW CASTLE);1;1;1;UND;1;25-10-13;1;1;78;1
15;20;5;27-10-13;S/N;1000;12;GASTO;POLLITOS ;1;1;1;UND;1;27-10-13;1;1;60;1
16;6;5;03-11-13;S/N;5;346;GASTO;ALIMENTO JAMONINA;1;1;1;UND;1;03-11-13;1;1;18;1
17;20;5;09-11-13;S/N;1;52;GASTO;VACUNA( GOMBORO);1;1;1;UND;1;09-11-13;1;1;78;1
18;20;5;09-11-13;S/N;1;140;GASTO;VACUNA(NEW CASTLE);1;1;1;UND;1;09-11-13;1;1;78;1
19;6;5;16-11-13;S/N;2;260;GASTO;ALIMENTO DE ENGORDE;1;1;1;SACO;1;16-11-13;1;1;18;1
20;6;5;16-11-13;S/N;1;360;GASTO;ALIMENTO DE DESARROLLO (SS);1;1;1;SACO;1;16-11-13;1;1;17;1
21;22;5;16-11-13;S/N;1;51;GASTO;VACUNA( GOMBORO);1;1;1;UND;1;16-11-13;1;1;78;1
22;22;5;16-11-13;S/N;1;34;GASTO;VACUNA (NEW CASTLE);1;1;1;UND;1;16-11-13;1;1;78;1
23;22;5;16-11-13;S/N;3;353;GASTO;ALIMENTOS INICIO POLLAS;1;1;1;SACO;1;16-11-13;1;1;65;1
24;22;5;17-11-13;S/N;2;360;GASTO;ALIMENTOS INICIO POLLAS;1;1;1;SACO;1;17-11-13;1;1;65;1
25;6;5;17-11-13;S/N;3;355;GASTO;ALIMENTO JAMONINA;1;1;1;SACO;1;17-11-13;1;1;17;1
26;9;5;23-11-13;S/N;1;9900;GASTO;GANADO DE CARNE;1;1;1;UND;1;23-11-13;1;1;35;1
27;19;5;24-11-13;S/N;3;360;GASTO;ALIMENTO INICIAL;1;1;1;SACO;1;24-11-13;1;1;62;1
28;22;5;24-11-13;S/N;2;360;GASTO;ALIMENTOS INICIO POLLAS;1;1;1;SACO;1;24-11-13;1;1;65;1
29;20;5;24-11-13;S/N;1;45;GASTO;VACUNA(NEW CASTLE);1;1;1;UND;1;24-11-13;1;1;78;1
30;20;5;24-11-13;S/N;1;40;GASTO;VACUNA(GOMBORO);1;1;1;UND;1;24-11-13;1;1;78;1
31;19;5;26-11-13;S/N;1;400;GASTO;COMISION FLAT PRESTAMO;1;1;1;UND;1;26-11-13;1;1;56;1
32;19;5;26-11-13;S/N;1000;12;GASTO;POLLITOS ;1;1;1;UND;1;26-11-13;1;1;60;1
33;12;5;27-11-13;S/N;1;1665;GASTO;PEDRO;1;1;1;UND;1;27-11-13;1;1;67;1
34;12;5;30-11-13;S/N;1;120;GASTO;BONO ALIMENTICIO;1;1;1;UND;1;30-11-13;1;1;22;1
35;12;5;30-11-13;S/N;1;1467;GASTO;BONO ALIMENTICIO;1;1;1;UND;1;30-11-13;1;1;22;1
36;19;5;01-12-13;S/N;1;34;GASTO;NEW CASTLE;1;1;1;UND;1;01-12-13;1;1;78;1
37;22;5;01-12-13;S/N;2;353;GASTO;INICIADOR ;1;1;1;SACO;1;01-12-13;1;1;65;1
38;19;5;01-12-13;S/N;1;51;GASTO;GAMBORO;1;1;1;UND;1;01-12-13;1;1;78;1
39;19;5;01-12-13;S/N;15;16;GASTO;CONCHA DE ARROZ;1;1;1;SACO;1;01-12-13;1;1;8;1
40;12;5;01-12-13;S/N;1;1000;GASTO;ORANGEL;1;1;1;UND;1;01-12-13;1;1;67;1
41;19;5;01-12-13;S/N;3;353;GASTO;INICIADOR ;1;1;1;SACO;1;01-12-13;1;1;62;1
42;3;5;05-12-13;S/N;1;150;GASTO;REPARACION RADIADOR;1;1;1;UND;1;05-12-13;1;1;69;1
43;7;5;05-12-13;S/N;1;300;GASTO;REPARACION CARRETILLA;1;1;1;UND;1;05-12-13;1;1;15;1
44;3;5;05-12-13;S/N;1;8880;GASTO;REPARACION MOTOR;1;1;1;UND;1;05-12-13;1;1;69;1
45;19;5;06-12-13;S/N;2;360;GASTO;SUPER S INICIO;1;1;1;SACO;1;06-12-13;1;1;62;1
46;6;5;06-12-13;S/N;1;256;GASTO;CERDO TRIPLE (MANTENIMIENTO);1;1;1;SACO;1;06-12-13;1;1;19;1
47;6;5;06-12-13;S/N;1;293;GASTO;DESARROLLO;1;1;1;SACO;1;06-12-13;1;1;17;1
48;19;5;06-12-13;S/N;1;353;GASTO;INICIADOR ;1;1;1;SACO;1;06-12-13;1;1;62;1
49;12;5;07-12-13;S/N;1;180;GASTO;COMIDA SRA MIRIAN PESCADO;1;1;1;UND;1;07-12-13;1;1;22;1
50;12;5;07-12-13;S/N;1;1750;GASTO;ADELANTO DE QUINCENA ORANGEL;1;1;1;UND;1;07-12-13;1;1;67;1
51;20;5;07-12-13;S/N;5;60;GASTO;BOLSAS PLASTICAS;1;1;1;BOLSAS;1;07-12-13;1;1;11;1
52;20;5;07-12-13;S/N;1;380;GASTO;MATANZA( WICHO);1;1;1;UND;1;07-12-13;1;1;10;1
53;22;5;08-12-13;S/N;2;360;GASTO;INICIADOR ;1;1;1;SACO;1;08-12-13;1;1;65;1
54;8;5;08-12-13;S/N;7;35;GASTO;PACAS DE GANADO;1;1;1;UND;1;08-12-13;1;1;57;1
55;19;5;08-12-13;S/N;3;360;GASTO;INICIADOR ;1;1;1;SACO;1;08-12-13;1;1;62;1
56;19;5;11-12-13;S/N;2;355;GASTO;ALIMENTO ;1;1;1;SACO;1;11-12-13;1;1;62;1
57;7;5;11-12-13;S/N;1;349;GASTO;CHICURA+CABO;1;1;1;UND;1;11-12-13;1;1;20;1
58;19;5;12-12-13;S/N;5;324;GASTO;POLLOS CREC ENG. ENERG. GR;1;1;1;SACO;1;12-12-13;1;1;62;1
59;19;5;12-12-13;S/N;10;337;GASTO;POLLO PREINICIAL 3 A.E.4;1;1;1;SACO;1;12-12-13;1;1;63;1
60;19;5;12-12-13;S/N;1;1000;GASTO;FLETE;1;1;1;UND;1;12-12-13;1;1;33;1
61;22;5;12-12-13;S/N;29;324;GASTO;POLOS INIC. ENER, S/G ESP;1;1;1;SACO;1;12-12-13;1;1;65;1
62;19;5;12-12-13;S/N;50;324;GASTO;POLLOS CREC ENG. ENERG. GR;1;1;1;SACO;1;12-12-13;1;1;62;1
63;19;5;12-12-13;S/N;6;324;GASTO;POLLOS INIC. ENER, S/G ESP;1;1;1;SACO;1;12-12-13;1;1;62;1
64;20;5;13-12-13;S/N;15;37;GASTO;BOLSAS PLASTICAS 1500 UNIDADES;1;1;1;BOLSAS;1;13-12-13;1;1;11;1
65;20;5;14-12-13;S/N;1;250;GASTO;PAGO PRIMO WICHO MATANZA;1;1;1;UND;1;14-12-13;1;1;10;1
66;20;5;14-12-13;S/N;1;250;GASTO;PAGO WICHO MATANZA;1;1;1;UND;1;14-12-13;1;1;10;1
67;20;5;14-12-13;S/N;1;192;GASTO;DEDOS PARA LA PELADORA DE POLLOS;1;1;1;UND;1;14-12-13;1;1;27;1
68;12;5;15-12-13;S/N;1;1485;GASTO;PEDRO - QUINCENA;1;1;1;UND;1;15-12-13;1;1;67;1
69;6;5;15-12-13;S/N;1;380;GASTO;DESARROLLO NEGRO;1;1;1;SACO;1;15-12-13;1;1;17;1
70;7;5;15-12-13;S/N;1;12;GASTO;ARIEL;1;1;1;UND;1;15-12-13;1;1;28;1
71;20;5;15-12-13;S/N;100;1;GASTO;BOLSA DE 10KG;1;1;1;UND;1;15-12-13;1;1;11;1
72;13;5;15-12-13;S/N;1;420;GASTO;PURICACHAMA;1;1;1;SACO;1;15-12-13;1;1;2;1
73;20;5;15-12-13;S/N;1;400;GASTO;PEDRO - MATANZA POLLOS;1;1;1;UND;1;15-12-13;1;1;10;1
74;20;5;15-12-13;S/N;1;400;GASTO;ORANGEL - MATANZA POLLOS;1;1;1;UND;1;15-12-13;1;1;10;1
75;12;5;15-12-13;S/N;1;1750;GASTO;ORANGEL - UTILIDADES;1;1;1;UND;1;15-12-13;1;1;77;1
76;12;5;15-12-13;S/N;1;500;GASTO;PEDRO - UTILIDADES (5 DIAS);1;1;1;UND;1;15-12-13;1;1;77;1
77;6;5;15-12-13;S/N;1;355;GASTO;JAMONIN IMPULSO;1;1;1;SACO;1;15-12-13;1;1;17;1
78;19;5;17-12-13;S/N;2;360;GASTO;BOLSA DE 3KG 30x40 (2000 unidades);1;1;1;UND;1;17-12-13;1;1;11;1
79;7;5;17-12-13;S/N;1;1000;GASTO;JORGE - CREDITO PERSONAL FINCA;1;1;1;UND;1;17-12-13;1;1;56;1
80;7;5;21-12-13;S/N;1;120;GASTO;NYLON PARA DESMALEZADORA;1;1;1;UND;1;21-12-13;1;1;53;1
81;23;5;21-12-13;S/N;6;370;GASTO;ALIMENTO PARA PONEDORA;1;1;1;UND;1;21-12-13;1;1;3;1
82;7;5;21-12-13;S/N;10;50;GASTO;CEMENTO;1;1;1;UND;1;21-12-13;1;1;24;1
83;8;5;22-12-13;S/N;1;65;GASTO;GARRAPATICIDA;1;1;1;UND;1;22-12-13;1;1;36;1
84;6;5;22-12-13;S/N;2;350;GASTO;MANTENIMIENTO;1;1;1;SACO;1;22-12-13;1;1;19;1
85;6;5;22-12-13;S/N;1;350;GASTO;DESARROLLO;1;1;1;SACO;1;22-12-13;1;1;17;1
86;7;5;26-12-13;S/N;1;350;GASTO;JORGE - CREDITO FRISE;1;1;1;UND;1;26-12-13;1;1;56;1
87;7;5;26-12-13;S/N;1;520;GASTO;JORGE - CREDITO POLLOS LOTE 2;1;1;1;UND;1;26-12-13;1;1;56;1
88;7;5;26-12-13;S/N;1;180;GASTO;JORGE - CREDITO PERSONAL FINCA;1;1;1;UND;1;26-12-13;1;1;56;1
89;12;5;29-12-13;S/N;1;1750;GASTO;ORANGE 2DA QUINCENA DICIEMBRE;1;1;1;UND;1;29-12-13;1;1;67;1
90;12;5;29-12-13;S/N;2;161;GASTO;OBSEQUIO TRABAJADORES (2 BOTELLA);1;1;1;UND;1;29-12-13;1;1;1;1
91;7;5;29-12-13;S/N;1;56;GASTO;JORGE BOMBILLOS;1;1;1;UND;1;29-12-13;1;1;31;1
92;12;5;29-12-13;S/N;1;1485;GASTO;PEDRO - 2DA QUINCENA DICIEMBRE;1;1;1;UND;1;29-12-13;1;1;67;1
93;7;5;29-12-13;S/N;1;100;GASTO;SWICTHE;1;1;1;UND;1;29-12-13;1;1;31;1
94;8;5;30-12-13;S/N;1;270;GASTO;ALIMENTO;1;1;1;SACO;1;30-12-13;1;1;34;1
95;3;5;31-12-13;S/N;1;1585;GASTO;CAMIONETA (CAUCHO);1;1;1;UND;1;31-12-13;1;1;6;1
96;7;5;31-12-13;S/N;1;11273;GASTO;TECHO AREA SOCIAL DE LA FINCA;1;1;1;UND;1;31-12-13;1;1;39;1
97;3;5;31-12-13;S/N;1;1600;GASTO;REP. DE CAMIONETA (TREN DELANTERO);1;1;1;UND;1;31-12-13;1;1;69;1
98;12;5;01-01-14;S/N;1;1385;GASTO;COMIDA DEL MES ENERO;1;1;1;UND;1;01-01-14;1;1;22;1
99;23;5;01-01-14;S/N;4;350;GASTO;PONEDORA;1;1;1;SACO;1;01-01-14;1;1;3;1
100;8;5;01-01-14;S/N;1;130;GASTO;HIERRO DE 100ML;1;1;1;UND;1;01-01-14;1;1;42;1
101;8;5;01-01-14;S/N;3;50;GASTO;SAL ROJA;1;1;1;UND;1;01-01-14;1;1;70;1
102;7;5;01-01-14;S/N;1;90;GASTO;ACEITE DOS T;1;1;1;UND;1;01-01-14;1;1;47;1
103;7;5;03-01-14;S/N;2;6;GASTO;"ANILLO DE 3/4 x 4""";1;1;1;UND;1;03-01-14;1;1;59;1
104;6;5;03-01-14;S/N;1;280;GASTO;ALIMENTO DE MANTENIMIENTO;1;1;1;SACO;1;03-01-14;1;1;19;1
105;6;5;03-01-14;S/N;1;340;GASTO;ALIMENTO DE DESARROLLO;1;1;1;SACO;1;03-01-14;1;1;17;1
106;7;5;03-01-14;S/N;1;50;GASTO;TEFLON;1;1;1;UND;1;03-01-14;1;1;59;1
107;7;5;03-01-14;S/N;2;12;GASTO;REDUCTOR 1 1/4 x 3/4 ;1;1;1;UND;1;03-01-14;1;1;59;1
108;19;5;04-01-14;S/N;1;150;GASTO;MATANZA DESAYUNO ;1;1;1;UND;1;04-01-14;1;1;10;1
109;19;5;04-01-14;S/N;1;100;GASTO;MATANZA ALMUERZO (MIRIAN);1;1;1;UND;1;04-01-14;1;1;10;1
110;19;5;04-01-14;S/N;1;100;GASTO;MATANZA ALMUERZO (GLADIMAR);1;1;1;UND;1;04-01-14;1;1;10;1
111;12;5;04-01-14;S/N;1;20;GASTO;CAFE PARA ORANGEL ;1;1;1;UND;1;04-01-14;1;1;22;1
112;19;5;04-01-14;S/N;3;250;GASTO;MATANZA (3 PERSONAS);1;1;1;UND;1;04-01-14;1;1;10;1
113;7;5;08-01-14;S/N;1;200;GASTO;LLAVE DE PASO 40mm X 1 1/4;1;1;1;UND;1;08-01-14;1;1;59;1
114;7;5;08-01-14;S/N;2;85;GASTO;SISTEMA DE RIEGO( LLAVE DE PASO);1;1;1;UND;1;08-01-14;1;1;59;1
115;19;5;08-01-14;S/N;5;355;GASTO;ALIMENTO CONCENTRADO;1;1;1;UND;1;08-01-14;1;1;62;1
116;12;5;08-01-14;S/N;3;8;GASTO;PANES;1;1;1;UND;1;08-01-14;1;1;22;1
117;21;5;08-01-14;S/N;1;38;GASTO;CAL;1;1;1;UND;1;08-01-14;1;1;24;1
118;7;5;08-01-14;S/N;1;42;GASTO;ALAMBRE;1;1;1;UND;1;08-01-14;1;1;39;1
119;6;5;08-01-14;S/N;1;205;GASTO;ALIMENTO DE MANTENIMIENTO;1;1;1;SACO;1;08-01-14;1;1;19;1
120;7;5;08-01-14;S/N;3;20;GASTO;CHIMO PARA ORANGEL;1;1;1;UND;1;08-01-14;1;1;66;1
121;12;5;08-01-14;S/N;1;25;GASTO;TORTA DE CASABE;1;1;1;UND;1;08-01-14;1;1;22;1
122;23;5;08-01-14;S/N;5;352;GASTO;ALIMENTO;1;1;1;SACO;1;08-01-14;1;1;3;1
123;19;5;11-01-14;S/N;2;250;GASTO;MATANZA (DOS PERSONAS);1;1;1;UND;1;11-01-14;1;1;10;1
124;19;5;11-01-14;S/N;1;180;GASTO;MATANZA DESAYUNO;1;1;1;UND;1;11-01-14;1;1;10;1
125;4;5;12-01-14;S/N;1;250;GASTO;EMPALIZADA - PUESTA DE MADRINAS;1;1;1;UND;1;12-01-14;1;1;69;1
126;7;5;12-01-14;S/N;1;100;GASTO;TARJETA MOVILNET DE 100;1;1;1;UND;1;12-01-14;1;1;66;1
127;7;5;12-01-14;S/N;1;529;GASTO;REGALO ( 4 pollos);1;1;1;UND;1;12-01-14;1;1;37;1
128;4;5;14-01-14;S/N;100;40;GASTO;CABILLA 5,2 MM;1;1;1;UND;1;14-01-14;1;1;39;1
129;19;5;16-01-14;S/N;1;150;GASTO;DESAYUNO ALMUERSO;1;1;1;UND;1;16-01-14;1;1;10;1
130;12;5;16-01-14;S/N;1;25;GASTO;TORTA DE CASABE;1;1;1;UND;1;16-01-14;1;1;22;1
131;3;5;16-01-14;S/N;2;120;GASTO;ACEITE DE CAJA ULTRA LUV;1;1;1;UND;1;16-01-14;1;1;48;1
132;7;5;16-01-14;S/N;1;20;GASTO;GAS;1;1;1;UND;1;16-01-14;1;1;58;1
133;12;5;16-01-14;S/N;1;1750;GASTO;ORANGEL;1;1;1;UND;1;16-01-14;1;1;67;1
134;19;5;16-01-14;S/N;1;250;GASTO;DIA DE TRABAJO WICHO;1;1;1;UND;1;16-01-14;1;1;10;1
135;4;5;17-01-14;S/N;1;250;GASTO;DIA DE TRABAJO WICHO;1;1;1;UND;1;17-01-14;1;1;69;1
136;22;5;19-01-14;S/N;4;394;GASTO;INICIADOR;1;1;1;SACO;1;19-01-14;1;1;3;1
137;12;5;19-01-14;S/N;1;500;GASTO;ORANGEL (ADELANTO DE LIQUIDACION);1;1;1;UND;1;19-01-14;1;1;46;1
138;12;5;19-01-14;S/N;1;3020;GASTO;PEDRO;1;1;1;UND;1;19-01-14;1;1;46;1
139;21;5;19-01-14;S/N;10;16;GASTO;SACO DE CONCHA DE ARROZ;1;1;1;SACO;1;19-01-14;1;1;8;1
140;23;5;19-01-14;S/N;2;352;GASTO;SACO DE PONEDORA;1;1;1;SACO;1;19-01-14;1;1;3;1
141;6;5;19-01-14;S/N;1;355;GASTO;SACO DE ENGORDE;1;1;1;SACO;1;19-01-14;1;1;18;1
142;19;5;19-01-14;S/N;1;105;GASTO;PAQUETE DE BOLSA;1;1;1;UND;1;19-01-14;1;1;11;1
143;23;5;19-01-14;S/N;3;352;GASTO;PONEDORA ESPECIAL;1;1;1;SACO;1;19-01-14;1;1;3;1
144;12;5;20-01-14;S/N;1;5900;GASTO;ORANGEL (FINIQUITO DE LIQUIDACION);1;1;1;UND;1;20-01-14;1;1;46;1
145;4;5;21-01-14;S/N;1;182;GASTO;COMIDA WICHO + CIGARRO;1;1;1;UND;1;21-01-14;1;1;69;1
146;22;5;21-01-14;S/N;1;228;GASTO;VITAMINA K + YODO PARA CICATRIZAR;1;1;1;UND;1;21-01-14;1;1;83;1
147;22;5;21-01-14;S/N;1;230;GASTO;CORTA UNA PROFESIONAL (DESPIQUE);1;1;1;UND;1;21-01-14;1;1;7;1
148;4;5;21-01-14;S/N;3;55;GASTO;ROLLOS DE ALAMBRE;1;1;1;UND;1;21-01-14;1;1;39;1
149;7;5;23-01-14;S/N;1;1530;GASTO;JORGE CREDITO;1;1;1;UND;1;23-01-14;1;1;56;1
150;23;5;23-01-14;S/N;2;352;GASTO;PONEDORA ESPECIAL;1;1;1;SACO;1;23-01-14;1;1;3;1
151;4;5;24-01-14;S/N;3.5;250;GASTO;PAGO MANO DE OBRA 3,5 DIAS;1;1;1;UND;1;24-01-14;1;1;69;1
152;5;5;24-01-14;S/N;1;6475;GASTO;LAMINAS + GANCHOS;1;1;1;UND;1;24-01-14;1;1;39;1
153;5;5;24-01-14;S/N;1;8000;GASTO;MANO DE OBRA;1;1;1;UND;1;24-01-14;1;1;69;1
154;5;5;25-01-14;S/N;1;229;GASTO;"DISCO DE CORTE 14""";1;1;1;UND;1;25-01-14;1;1;39;1
155;5;5;25-01-14;S/N;3;172;GASTO;ELECTRODOS 1/8;1;1;1;KG;1;25-01-14;1;1;39;1
156;5;5;25-01-14;S/N;6;305;GASTO;TUBULARES 2x1;1;1;1;UND;1;25-01-14;1;1;39;1
157;12;5;25-01-14;S/N;1;40;GASTO;ACEITE DE SOYA DE UN LITRO;1;1;1;UND;1;25-01-14;1;1;22;1
158;23;5;25-01-14;S/N;1;263;GASTO;SEPARADORES DE HUEVO;1;1;1;UND;1;25-01-14;1;1;73;1
159;22;5;25-01-14;S/N;1;395;GASTO;INICIADOR;1;1;1;SACO;1;25-01-14;1;1;3;1
160;7;5;25-01-14;S/N;1;49;GASTO;LLAVE DE PASO 3/4;1;1;1;UND;1;25-01-14;1;1;59;1
161;7;5;25-01-14;S/N;3.5;63;GASTO;MECATE PARA BOMBA SUMERGIBLE;1;1;1;KG;1;25-01-14;1;1;80;1
162;23;5;26-01-14;S/N;4;352;GASTO;SACO DE PONEDORA;1;1;1;SACO;1;26-01-14;1;1;3;1
163;21;5;28-01-14;S/N;1000;13;GASTO;POLLITOS ;1;1;1;UND;1;28-01-14;1;1;60;1
164;6;5;28-01-14;S/N;1;290;GASTO;CERDO;1;1;1;SACO;1;28-01-14;1;1;19;1
165;6;5;28-01-14;S/N;1;340;GASTO;CERDO;1;1;1;SACO;1;28-01-14;1;1;19;1
166;3;5;28-01-14;S/N;1;1350;GASTO;BOM D AGUA +ESTOPERA + ACEIT;1;1;1;UND;1;28-01-14;1;1;6;1
167;21;5;28-01-14;S/N;1;370;GASTO;INICIADOR;1;1;1;SACO;1;28-01-14;1;1;62;1
168;21;5;28-01-14;S/N;2;390;GASTO;INICIADOR;1;1;1;SACO;1;28-01-14;1;1;62;1
169;21;5;29-01-14;S/N;20;324;GASTO;POLLO INICIADOR;1;1;1;SACO;1;29-01-14;1;1;62;1
170;21;5;29-01-14;S/N;1;1500;GASTO;FLETE ALIMENTO;1;1;1;UND;1;29-01-14;1;1;33;1
171;6;5;29-01-14;S/N;10;224;GASTO;CERDO (ENGORDE);1;1;1;SACO;1;29-01-14;1;1;18;1
172;21;5;29-01-14;S/N;60;324;GASTO;POLLO DE CRECIMIENTO;1;1;1;SACO;1;29-01-14;1;1;62;1
173;23;5;29-01-14;S/N;10;322;GASTO;PONEDORA ESPECIAL;1;1;1;SACO;1;29-01-14;1;1;3;1
174;8;5;02-02-14;S/N;2;48;GASTO;SAL BLANCA;1;1;1;SACO;1;02-02-14;1;1;70;1
175;7;5;02-02-14;S/N;1;150;GASTO;COMIDA JORGE+NESTOR+VICTOR+ JOSE;1;1;1;UND;1;02-02-14;1;1;69;1
176;7;5;02-02-14;S/N;1;160;GASTO;ACEITE DOS TIEMPO + ;1;1;1;UND;1;02-02-14;1;1;47;1
177;13;5;02-02-14;S/N;5;1;GASTO;ANZUELA PEQUENO CALIBRE 9;1;1;1;UND;1;02-02-14;1;1;4;1
178;21;5;02-02-14;S/N;20;20;GASTO;CONCHA DE ARROZ;1;1;1;SACO;1;02-02-14;1;1;8;1
179;12;5;02-02-14;S/N;1;1650;GASTO;PAGO A JOSE QUINCENA;1;1;1;UND;1;02-02-14;1;1;67;1
180;7;5;02-02-14;S/N;2;115;GASTO;50 METROS DE MECATE CALIBRE 10mm;1;1;1;KG;1;02-02-14;1;1;80;1
181;8;5;02-02-14;S/N;7;35;GASTO;PACAS DE PASTO;1;1;1;SACO;1;02-02-14;1;1;57;1
182;21;5;04-02-14;S/N;1;162;GASTO;NEW CASTLE;1;1;1;UND;1;04-02-14;1;1;78;1
183;5;5;05-02-14;S/N;1;450;GASTO;MANGUERA DE 25mm X 100MTS;1;1;1;UND;1;05-02-14;1;1;59;1
184;12;5;05-02-14;S/N;1;176;GASTO;BOMBILLO  CAFE;1;1;1;UND;1;05-02-14;1;1;22;1
185;5;5;05-02-14;S/N;1;25;GASTO;UNION RAPIDA DE 25mm ;1;1;1;UND;1;05-02-14;1;1;59;1
186;23;5;05-02-14;S/N;1;49;GASTO;LLAVE DE PASO 3/4;1;1;1;UND;1;05-02-14;1;1;59;1
187;23;5;05-02-14;S/N;1;56;GASTO;TEFLON DE 3/4;1;1;1;UND;1;05-02-14;1;1;59;1
188;5;5;05-02-14;S/N;3;40;GASTO;TEE RAPIDA 25mm (3/4);1;1;1;UND;1;05-02-14;1;1;59;1
189;23;5;05-02-14;S/N;3;385;GASTO;PONEDORA ESPECIAL MERSAN;1;1;1;SACO;1;05-02-14;1;1;3;1
190;22;5;05-02-14;S/N;7;371;GASTO;INICIADOR;1;1;1;SACO;1;05-02-14;1;1;3;1
191;23;5;05-02-14;S/N;1;886;GASTO;TANQUE DECOPLAS;1;1;1;UND;1;05-02-14;1;1;59;1
192;4;5;05-02-14;S/N;50;36;GASTO;CABILLA 5,2 MM;1;1;1;UND;1;05-02-14;1;1;39;1
193;5;5;05-02-14;S/N;2;12;GASTO;ADAPTADOR DE 25mm x 3/4;1;1;1;UND;1;05-02-14;1;1;59;1
194;3;5;05-02-14;S/N;1;400;GASTO;RADIADOR DE LA CAMIONETA;1;1;1;UND;1;05-02-14;1;1;69;1
195;21;5;08-02-14;S/N;1;140;GASTO;GUMBORO;1;1;1;UND;1;08-02-14;1;1;78;1
196;21;5;12-02-14;S/N;4;380;GASTO;INICIADOR;1;1;1;SACO;1;12-02-14;1;1;62;1
197;7;5;13-02-14;S/N;1;1300;GASTO;REPARACION DE DESMALEZADORA;1;1;1;UND;1;13-02-14;1;1;69;1
198;12;5;14-02-14;S/N;1;300;GASTO;COMIDA PARA JOSE ;1;1;1;UND;1;14-02-14;1;1;22;1
199;22;5;15-02-14;S/N;4;385;GASTO;PONEDORA;1;1;1;SACO;1;15-02-14;1;1;3;1
200;21;5;15-02-14;S/N;8;365;GASTO;INICIADOR ;1;1;1;SACO;1;15-02-14;1;1;62;1
201;23;5;15-02-14;S/N;2;340;GASTO;PONEDORA;1;1;1;SACO;1;15-02-14;1;1;3;1
202;11;5;15-02-14;S/N;12;1050;GASTO;JUALAS DE 7 PUESTOS x 3 ;1;1;1;UND;1;15-02-14;1;1;45;1
203;7;5;15-02-14;S/N;1;240;GASTO;LLAVE DE PASO 3/4 + TEE;1;1;1;UND;1;15-02-14;1;1;59;1
204;12;5;15-02-14;S/N;1;1750;GASTO;PAGO A JOSE QUINCENA;1;1;1;UND;1;15-02-14;1;1;67;1
205;23;5;15-02-14;S/N;2;340;GASTO;PONEDORA;1;1;1;SACO;1;15-02-14;1;1;3;1
206;11;5;15-02-14;S/N;2;70;GASTO;TUBO AZUL 3/4;1;1;1;UND;1;15-02-14;1;1;59;1
207;23;5;15-02-14;S/N;2;385;GASTO;PONEDORA;1;1;1;SACO;1;15-02-14;1;1;3;1
208;7;5;16-02-14;S/N;1;240;GASTO;LLAVE DE PASO 3/4 + TEE;1;1;1;UND;1;16-02-14;1;1;59;1
209;7;5;16-02-14;S/N;1;58;GASTO;6 CODO + NOPLE 3/4;1;1;1;UND;1;16-02-14;1;1;59;1
210;7;5;16-02-14;S/N;1;39;GASTO;REDUCTOR DE 3/4 A 1/2 Y NIPLE .3/4;1;1;1;UND;1;16-02-14;1;1;59;1
211;7;5;19-02-14;S/N;1;4000;GASTO;YEGUA;1;1;1;UND;1;19-02-14;1;1;84;1
212;7;5;19-02-14;S/N;1;80;GASTO;GASTOS TARJETAS JOSE (CTA x COBRAR);1;1;1;UND;1;19-02-14;1;1;80;1
213;7;5;19-02-14;S/N;1;65;GASTO;PRESTAMO 105 CHIMO + ENO;1;1;1;UND;1;19-02-14;1;1;69;1
214;7;5;19-02-14;S/N;1;610;GASTO;PAGO AL BANCO VENEZUELA;1;1;1;UND;1;19-02-14;1;1;56;1
215;7;5;19-02-14;S/N;1;1178;GASTO;JORGE CREDITO;1;1;1;UND;1;19-02-14;1;1;56;1
216;7;5;19-02-14;S/N;1;250;GASTO;EXAMEN DE YEGUA;1;1;1;UND;1;19-02-14;1;1;32;1
217;12;5;19-02-14;S/N;1;50;GASTO;DOS TORTAS DE CASABE;1;1;1;UND;1;19-02-14;1;1;22;1
218;7;5;19-02-14;S/N;1;520;GASTO;JORGE CREDITO  POLLITOS 2;1;1;1;UND;1;19-02-14;1;1;56;1
219;7;5;19-02-14;S/N;4;15;GASTO;PRESTAMO A DANIEL PARA EL CHIMO;1;1;1;UND;1;19-02-14;1;1;56;1
220;7;5;19-02-14;S/N;1;520;GASTO;JORGE CREDITO  POLLITOS 2;1;1;1;UND;1;19-02-14;1;1;56;1
221;7;5;19-02-14;S/N;1;350;GASTO;JORGE CUOTA FRISE;1;1;1;UND;1;19-02-14;1;1;56;1
222;21;5;21-02-14;S/N;1;117;GASTO;HIDRATOPP (HIDRATANTE);1;1;1;UND;1;21-02-14;1;1;41;1
223;18;5;21-02-14;S/N;1000;13;GASTO;POLLO BB;1;1;1;UND;1;21-02-14;1;1;60;1
224;21;5;21-02-14;S/N;1;51;GASTO;GOMBORO;1;1;1;UND;1;21-02-14;1;1;78;1
225;7;5;21-02-14;S/N;1;200;GASTO;PORTA NAILON UNIVERSAL;1;1;1;UND;1;21-02-14;1;1;80;1
226;11;5;21-02-14;S/N;1;1123;GASTO;10 TUBOS TUBRICA 1/2+5T+9CODO+10TAPON;1;1;1;UND;1;21-02-14;1;1;59;1
227;18;5;21-02-14;S/N;1;300;GASTO;MULTIVITAMINA LA GRUA;1;1;1;UND;1;21-02-14;1;1;83;1
228;18;5;21-02-14;S/N;1;170;GASTO;CALETEO ALIMENTO;1;1;1;UND;1;21-02-14;1;1;14;1
229;11;5;21-02-14;S/N;3;252;GASTO;BARRA CUADRADA DE 5/8;1;1;1;UND;1;21-02-14;1;1;39;1
230;21;5;21-02-14;S/N;1;34;GASTO;NEW CASTLE;1;1;1;UND;1;21-02-14;1;1;78;1
231;11;5;22-02-14;S/N;50;60;GASTO;BEBEDERO TIPO COPA;1;1;1;UND;1;22-02-14;1;1;9;1
232;18;5;22-02-14;S/N;15;346;GASTO;POLLOS CRECIMIENTO;1;1;1;SACO;1;22-02-14;1;1;62;1
233;18;5;22-02-14;S/N;50;346;GASTO;POLLOS CRECIMIENTO;1;1;1;SACO;1;22-02-14;1;1;62;1
234;18;5;22-02-14;S/N;35;347;GASTO;POLLOS INIC. ENER S/G;1;1;1;SACO;1;22-02-14;1;1;62;1
235;7;5;23-02-14;S/N;6;20;GASTO;PRESTAMO A DANIEL PARA EL CHIMO;1;1;1;UND;1;23-02-14;1;1;56;1
236;11;5;23-02-14;S/N;45;70;GASTO;BEBEDERO TIPO COPA;1;1;1;UND;1;23-02-14;1;1;9;1
237;11;5;23-02-14;S/N;8;8;GASTO;ANILLO PVC 1/2;1;1;1;UND;1;23-02-14;1;1;59;1
238;11;5;23-02-14;S/N;1;164;GASTO;3ADAP MACH1/2+3BUSHI 3/4 A 1/2+5CODO 3/4;1;1;1;UND;1;23-02-14;1;1;59;1
239;11;5;23-02-14;S/N;1;60;GASTO;ALAMBRE ;1;1;1;UND;1;23-02-14;1;1;39;1
240;11;5;23-02-14;S/N;15;140;GASTO;MALLA TIPO POLLITO;1;1;1;MTS;1;23-02-14;1;1;49;1
241;7;5;23-02-14;S/N;1;45;GASTO;ENO PARA JOSE;1;1;1;UND;1;23-02-14;1;1;69;1
242;8;5;23-02-14;S/N;2;260;GASTO;ALIMENTO ENGORDE;1;1;1;SACO;1;23-02-14;1;1;34;1
243;22;5;23-02-14;S/N;10;340;GASTO;PONEDORA;1;1;1;SACO;1;23-02-14;1;1;3;1
244;23;5;25-02-14;S/N;4;196;GASTO;SEPARADORES DE HUEVO;1;1;1;UND;1;25-02-14;1;1;73;1
245;12;5;28-02-14;S/N;1;200;GASTO;COMIDA PARA JOSE ;1;1;1;UND;1;28-02-14;1;1;22;1
246;12;5;28-02-14;S/N;1;1229;GASTO;COMIDA PARA JOSE ;1;1;1;UND;1;28-02-14;1;1;22;1
247;7;5;28-02-14;S/N;4;20;GASTO;BOMBILLO;1;1;1;UND;1;28-02-14;1;1;31;1
248;7;5;28-02-14;S/N;1;40;GASTO;TARJETA MOVILNET    ;1;1;1;UND;1;28-02-14;1;1;69;1
249;23;5;28-02-14;S/N;1;360;GASTO;PONEDORA;1;1;1;SACO;1;28-02-14;1;1;3;1
250;8;5;28-02-14;S/N;4;40;GASTO;PACAS;1;1;1;UND;1;28-02-14;1;1;57;1
251;23;5;28-02-14;S/N;1;430;GASTO;PONEDORA;1;1;1;SACO;1;28-02-14;1;1;3;1
252;7;5;28-02-14;S/N;1;167;GASTO;CUCHILLA DESMALEZADORA;1;1;1;UND;1;28-02-14;1;1;26;1
253;7;5;07-03-14;S/N;1;95;GASTO;TEFLON + NIPLE DE 1/2 (QUEMADOR);1;1;1;UND;1;07-03-14;1;1;59;1
254;21;5;08-03-14;S/N;1;184;GASTO;COMIDA MATANZA;1;1;1;UND;1;08-03-14;1;1;10;1
255;21;5;08-03-14;S/N;3;300;GASTO;MATANZA;1;1;1;UND;1;08-03-14;1;1;10;1
256;21;5;08-03-14;S/N;1;80;GASTO;WICHO CIGARRO;1;1;1;UND;1;08-03-14;1;1;10;1
257;23;5;11-03-14;S/N;4;360;GASTO;PONEDORA;1;1;1;SACO;1;11-03-14;1;1;3;1
258;6;5;14-03-14;S/N;1;270;GASTO;MANTENIMIENTO;1;1;1;SACO;1;14-03-14;1;1;19;1
259;23;5;14-03-14;S/N;10;360;GASTO;PONEDORA;1;1;1;SACO;1;14-03-14;1;1;3;1
260;21;5;15-03-14;S/N;1;180;GASTO;COMIDA MATANZA (DESAYUNO);1;1;1;UND;1;15-03-14;1;1;10;1
261;21;5;15-03-14;S/N;5;68;GASTO;500 BOLSAS;1;1;1;UND;1;15-03-14;1;1;11;1
262;21;5;15-03-14;S/N;3;300;GASTO;MATANZA;1;1;1;UND;1;15-03-14;1;1;10;1
263;21;5;16-03-14;S/N;4;80;GASTO;400 BOLSAS;1;1;1;UND;1;16-03-14;1;1;11;1
264;6;5;16-03-14;S/N;1;270;GASTO;MANTENIMIENTO;1;1;1;SACO;1;16-03-14;1;1;19;1
265;8;5;16-03-14;S/N;6;40;GASTO;PACAS;1;1;1;UND;1;16-03-14;1;1;57;1
266;21;5;16-03-14;S/N;1;155;GASTO;COMIDA MATANZA (DESAYUNO);1;1;1;UND;1;16-03-14;1;1;10;1
267;21;5;16-03-14;S/N;3;300;GASTO;MATANZA;1;1;1;UND;1;16-03-14;1;1;10;1
268;21;5;16-03-14;S/N;1;210;GASTO;COMIDA MATANZA (ALMUERZO);1;1;1;UND;1;16-03-14;1;1;10;1
269;23;5;16-03-14;S/N;10;350;GASTO;PONEDORA;1;1;1;SACO;1;16-03-14;1;1;3;1
270;21;5;16-03-14;S/N;1;450;GASTO;BONO A JOSE MATANZA;1;1;1;UND;1;16-03-14;1;1;10;1
271;8;5;16-03-14;S/N;1;300;GASTO;TRANSPORTE DE MELAZA;1;1;1;UND;1;16-03-14;1;1;33;1
272;8;5;16-03-14;S/N;2;900;GASTO;MELAZA;1;1;1;TAMBOR;1;16-03-14;1;1;52;1
273;23;5;16-03-14;S/N;12;395;GASTO;PONEDORA PROTINAL;1;1;1;SACO;1;16-03-14;1;1;3;1
274;12;5;16-03-14;S/N;1;1900;GASTO;PAGO A JOSE QUINCENA;1;1;1;UND;1;16-03-14;1;1;67;1
275;3;5;19-03-14;S/N;1;7000;GASTO;REPARACION DE CAJA DE CAMIONETA;1;1;1;UND;1;19-03-14;1;1;69;1
276;23;5;20-03-14;S/N;7;187;GASTO;SEPARADORES DE HUEVO;1;1;1;UND;1;20-03-14;1;1;73;1
277;18;5;20-03-14;S/N;10;35;GASTO;BOLSAS DE 3 KG SIN ASA;1;1;1;UND;1;20-03-14;1;1;11;1
278;18;5;20-03-14;S/N;10;35;GASTO;BOLSAS DE 3 KG CON ASA;1;1;1;UND;1;20-03-14;1;1;11;1
279;23;5;30-03-14;S/N;10;395;GASTO;PONEDORA PROTINAL;1;1;1;SACO;1;30-03-14;1;1;3;1
280;6;5;30-03-14;S/N;1;400;GASTO;DESARROLLO;1;1;1;SACO;1;30-03-14;1;1;17;1
281;8;5;30-03-14;S/N;1;155;GASTO;VITAMINAS;1;1;1;UND;1;30-03-14;1;1;83;1
282;8;5;30-03-14;S/N;7;40;GASTO;PACAS;1;1;1;UND;1;30-03-14;1;1;57;1
283;18;5;30-03-14;S/N;4;380;GASTO;ENGORDE POLLO (MERSAN);1;1;1;SACO;1;30-03-14;1;1;61;1
284;7;5;31-03-14;S/N;1;480;GASTO;CUOTA PARA ALAMBRE PUA;1;1;1;UND;1;31-03-14;1;1;56;1
285;7;5;31-03-14;S/N;15;764;GASTO;ALAMBRE PUAS;1;1;1;UND;1;31-03-14;1;1;39;1
286;7;5;31-03-14;S/N;1;450;GASTO;PAGO DE YEGUA;1;1;1;UND;1;31-03-14;1;1;84;1
287;7;5;31-03-14;S/N;1;45;GASTO;MAIZ PARA JOSE;1;1;1;UND;1;31-03-14;1;1;69;1
288;7;5;31-03-14;S/N;1;95;GASTO;CUOTA MARZO PRESTAME;1;1;1;UND;1;31-03-14;1;1;56;1
289;7;5;31-03-14;S/N;1;105;GASTO;COMPRA DE CHIMO Y CEPILLO DE JOE;1;1;1;UND;1;31-03-14;1;1;56;1
290;12;5;31-03-14;S/N;1;10;GASTO;SAL;1;1;1;UND;1;31-03-14;1;1;22;1
291;7;5;31-03-14;S/N;1;520;GASTO;CUOTA MARZO POLLITOS;1;1;1;UND;1;31-03-14;1;1;56;1
292;18;5;01-04-14;S/N;12;380;GASTO;ENGORDE POLLO (MERSAN);1;1;1;SACO;1;01-04-14;1;1;61;1
293;18;5;03-04-14;S/N;10;360;GASTO;ENGORDE POLLO (MERSAN);1;1;1;SACO;1;03-04-14;1;1;61;1
294;7;5;03-04-14;S/N;1;560;GASTO;CEMENTO (CUARTO);1;1;1;UND;1;03-04-14;1;1;24;1
295;14;5;03-04-14;S/N;1000;14.5;GASTO;POLLITOS BEBE;1;1;1;UND;1;03-04-14;1;1;60;1
296;7;5;03-04-14;S/N;1;541;GASTO;NIPLE + LLAVE DE CHORRO (CUARTO);1;1;1;UND;1;03-04-14;1;1;59;1
297;7;5;03-04-14;S/N;1;2160;GASTO;BLOQUES (CUARTO);1;1;1;UND;1;03-04-14;1;1;24;1
298;14;5;03-04-14;S/N;2;320;GASTO;INICIADOR;1;1;1;SACO;1;03-04-14;1;1;62;1
299;18;5;05-04-14;S/N;3;300;GASTO;MATANZA;1;1;1;UND;1;05-04-14;1;1;10;1
300;12;5;05-04-14;S/N;1;1800;GASTO;PAGO A DANIEL 1RA QUINCENA ABRIL;1;1;1;UND;1;05-04-14;1;1;67;1
301;12;5;05-04-14;S/N;1;1900;GASTO;PAGO A JOSE 1RA QUINCENA ABRIL;1;1;1;UND;1;05-04-14;1;1;67;1
302;18;5;05-04-14;S/N;5;20;GASTO;DEDOS DE DESPLUMADORA;1;1;1;UND;1;05-04-14;1;1;27;1
303;14;5;05-04-14;S/N;2;460;GASTO;INICIADOR;1;1;1;SACO;1;05-04-14;1;1;62;1
304;18;5;05-04-14;S/N;1;220;GASTO;COMIDA DESAYUNO;1;1;1;UND;1;05-04-14;1;1;10;1
305;23;5;05-04-14;S/N;10;420;GASTO;PONEDORA ALCONCA;1;1;1;SACO;1;05-04-14;1;1;3;1
306;7;5;06-04-14;S/N;1;100;GASTO;ACE + ENO + CLORO;1;1;1;UND;1;06-04-14;1;1;80;1
307;18;5;06-04-14;S/N;3;300;GASTO;MATANZA;1;1;1;UND;1;06-04-14;1;1;10;1
308;12;5;06-04-14;S/N;1;320;GASTO;RENUNCIA DE DANIEL;1;1;1;UND;1;06-04-14;1;1;67;1
309;18;5;06-04-14;S/N;1;220;GASTO;DESAYUNO ;1;1;1;UND;1;06-04-14;1;1;10;1
310;18;5;07-04-14;S/N;4;380;GASTO;ENGORDE POLLO;1;1;1;SACO;1;07-04-14;1;1;61;1
311;14;5;10-04-14;S/N;2;420;GASTO;INICIADOR;1;1;1;SACO;1;10-04-14;1;1;62;1
312;23;5;10-04-14;S/N;6;385;GASTO;PONEDORA PROTINAL;1;1;1;SACO;1;10-04-14;1;1;3;1
313;14;5;11-04-14;S/N;1;34;GASTO;NEW CASTLE;1;1;1;UND;1;11-04-14;1;1;78;1
314;14;5;11-04-14;S/N;1;63;GASTO;GOMBORO;1;1;1;UND;1;11-04-14;1;1;78;1
315;14;5;11-04-14;S/N;1;355;GASTO;PROMOTOR L;1;1;1;UND;1;11-04-14;1;1;83;1
316;23;5;11-04-14;S/N;60;352;GASTO;PONEDORA SUPER ESE;1;1;1;SACO;1;11-04-14;1;1;3;1
317;6;5;11-04-14;S/N;15;260;GASTO;CERDO ENGORDE SUPER ESE;1;1;1;SACO;1;11-04-14;1;1;18;1
318;14;5;11-04-14;S/N;25;362;GASTO;INICIADOR SUPER ESE;1;1;1;SACO;1;11-04-14;1;1;61;1
319;14;5;11-04-14;S/N;1;1500;GASTO;FLETE ALIMENTO;1;1;1;UND;1;11-04-14;1;1;33;1
320;10;5;12-04-14;S/N;1;201;GASTO;PIEZAS PACO (TUBERIA DE 1/2 Y OTROS);1;1;1;UND;1;12-04-14;1;1;59;1
321;10;5;12-04-14;S/N;1;136;GASTO;PIEZAS PACO (ADP + CODO+ PEGA PVC);1;1;1;UND;1;12-04-14;1;1;59;1
322;7;5;12-04-14;S/N;6;16;GASTO;BOMBILLOS;1;1;1;UND;1;12-04-14;1;1;31;1
323;10;5;12-04-14;S/N;1;236;GASTO;PIEZAS PACO (union DE 1/2 Y OTROS);1;1;1;UND;1;12-04-14;1;1;59;1
324;18;5;13-04-14;S/N;1;300;GASTO;DESAYUNO ;1;1;1;UND;1;13-04-14;1;1;10;1
325;18;5;13-04-14;S/N;3;300;GASTO;TRABAJADORES;1;1;1;UND;1;13-04-14;1;1;10;1
326;14;5;14-04-14;S/N;1;34;GASTO;NEW CASTLE;1;1;1;UND;1;14-04-14;1;1;78;1
327;14;5;14-04-14;S/N;1;63;GASTO;GOMBORO;1;1;1;UND;1;14-04-14;1;1;78;1
328;14;5;14-04-14;S/N;10;20;GASTO;DEDOS PARA LA PELADORA DE POLLOS;1;1;1;UND;1;14-04-14;1;1;27;1
329;23;5;15-04-14;S/N;10;277;GASTO;SEPARADORES DE HUEVO;1;1;1;UND;1;15-04-14;1;1;73;1
330;14;5;15-04-14;S/N;20;35;GASTO;BOLSAS DE 100 UNIDADES DE 3KG;1;1;1;UND;1;15-04-14;1;1;11;1
331;14;5;15-04-14;S/N;2;110;GASTO;BOLSAS DE 100 UNIDADES DE 15KG;1;1;1;UND;1;15-04-14;1;1;11;1
332;10;5;15-04-14;S/N;1;158;GASTO;PIEZAS PACO (NIPLE 3/4, CODO, ADPT Y TEFLON);1;1;1;UND;1;15-04-14;1;1;59;1
333;18;5;18-04-14;S/N;1;400;GASTO;BONO A JOSE MATANZA POR 2 1/2 DIAS;1;1;1;UND;1;18-04-14;1;1;10;1
334;12;5;18-04-14;S/N;1;1900;GASTO;PAGO DE 1RA QUINCENA ABRIL A JOSE;1;1;1;UND;1;18-04-14;1;1;67;1
335;7;5;18-04-14;S/N;3;120;GASTO;CONCHA PARA VACULA;1;1;1;UND;1;18-04-14;1;1;80;1
336;4;5;21-04-14;S/N;0.5;60;GASTO;GRAMPAS PARA CERCA;1;1;1;KG;1;21-04-14;1;1;39;1
337;7;5;21-04-14;S/N;6;40;GASTO;ALAMBRE LISO;1;1;1;UND;1;21-04-14;1;1;39;1
338;12;5;21-04-14;S/N;1;1500;GASTO;COMIDA ABRIL;1;1;1;UND;1;21-04-14;1;1;22;1
339;7;5;21-04-14;S/N;1;260;GASTO;16 BOMBILLOS DE FILAMENTO;1;1;1;UND;1;21-04-14;1;1;31;1
340;7;5;21-04-14;S/N;1;40;GASTO;VENENO MOSCA;1;1;1;UND;1;21-04-14;1;1;82;1
341;7;5;21-04-14;S/N;1;104;GASTO;VENENO RATON;1;1;1;UND;1;21-04-14;1;1;81;1
342;7;5;21-04-14;S/N;1;300;GASTO;AZUCAR, BOMBILLO, CREOLINA;1;1;1;UND;1;21-04-14;1;1;80;1
343;7;5;21-04-14;S/N;1;1177;GASTO;CUOTA ABRIL  PRESTAMO;1;1;1;UND;1;21-04-14;1;1;56;1
344;7;5;21-04-14;S/N;1;520;GASTO;CUOTA ABRIL  POLLITOS;1;1;1;UND;1;21-04-14;1;1;56;1
345;7;5;21-04-14;S/N;1;350;GASTO;CUOTA ABRIL  FREZER;1;1;1;UND;1;21-04-14;1;1;56;1
346;7;5;21-04-14;S/N;1;480;GASTO;CUOTA ABRIL  ALAMBRE;1;1;1;UND;1;21-04-14;1;1;56;1
347;7;5;22-04-14;S/N;1;100;GASTO;HERVISIDA;1;1;1;UND;1;22-04-14;1;1;40;1
348;4;5;24-04-14;S/N;1;43;GASTO;ROLLO DE MECATILLO;1;1;1;UND;1;24-04-14;1;1;39;1
349;7;5;24-04-14;S/N;1;218;GASTO;"TENAZA DE 8"" FERMETAL";1;1;1;UND;1;24-04-14;1;1;75;1
350;7;5;24-04-14;S/N;1;10;GASTO;BOMBONA DE GAS MEDIANA;1;1;1;UND;1;24-04-14;1;1;12;1
351;12;5;26-04-14;S/N;1;800;GASTO;COMIDA;1;1;1;UND;1;26-04-14;1;1;22;1
352;14;5;26-04-14;S/N;12;470;GASTO;ENGORDE;1;1;1;SACO;1;26-04-14;1;1;61;1
353;12;5;30-04-14;S/N;1;1900;GASTO;JOSE;1;1;1;UND;1;30-04-14;1;1;67;1
354;12;5;30-04-14;S/N;1;1400;GASTO;PRIMO DE JOSE (DESDE EL 20 DE ABRIL);1;1;1;UND;1;30-04-14;1;1;67;1
355;4;5;30-04-14;S/N;2;80;GASTO;GRAMPAS PARA CERCA;1;1;1;KG;1;30-04-14;1;1;39;1
356;14;5;30-04-14;S/N;6;455;GASTO;ENGORDE MERSAN;1;1;1;SACO;1;30-04-14;1;1;61;1
357;14;5;30-04-14;S/N;1;50;GASTO;NEW CASTLE;1;1;1;UND;1;30-04-14;1;1;78;1
358;14;5;30-04-14;S/N;1;50;GASTO;GOMBORO;1;1;1;UND;1;30-04-14;1;1;78;1
359;14;5;03-05-14;S/N;30;369;GASTO;ENGORDE SS;1;1;1;SACO;1;03-05-14;1;1;61;1
360;12;5;03-05-14;S/N;1;1000;GASTO;COMIDA;1;1;1;UND;1;03-05-14;1;1;22;1
361;14;5;03-05-14;S/N;2;150;GASTO;COMIDA POR TRANSPORTE DE ENGORDE;1;1;1;KG;1;03-05-14;1;1;33;1
362;2;5;05-05-14;S/N;1;31360;GASTO;TURBO TD05;1;1;1;UND;1;05-05-14;1;1;6;1
363;2;5;05-05-14;S/N;1;400;GASTO;FILTRO PRIMARIO Y SEC DE CAMION;1;1;1;UND;1;05-05-14;1;1;6;1
364;2;5;05-05-14;S/N;1;788;GASTO;FILTRO DE AIRE;1;1;1;UND;1;05-05-14;1;1;6;1
365;4;5;06-05-14;S/N;4;42;GASTO;ALAMBRE;1;1;1;KG;1;06-05-14;1;1;39;1
366;7;5;06-05-14;S/N;1;280;GASTO;ARCO DE SEGUEA STANLEY;1;1;1;UND;1;06-05-14;1;1;71;1
367;2;5;06-05-14;S/N;1;404;GASTO;BROCA DE 8 MM Y 2 TORNILLO PARA EL TURBO;1;1;1;UND;1;06-05-14;1;1;6;1
368;3;5;06-05-14;S/N;1;420;GASTO;REPARACION DE CAMIONETA;1;1;1;UND;1;06-05-14;1;1;69;1
369;2;5;08-05-14;S/N;1;243;GASTO;FILTRO COMBUSTIIBLE 33281;1;1;1;UND;1;08-05-14;1;1;6;1
370;2;5;08-05-14;S/N;2;115;GASTO;MECATE PARA AMARRE CAMION;1;1;1;KG;1;08-05-14;1;1;8;1
371;2;5;08-05-14;S/N;1;450;GASTO;ANILLO PARA CONEXION ESCAP-TURBO;1;1;1;UND;1;08-05-14;1;1;6;1
372;2;5;08-05-14;S/N;1;80;GASTO;TUBO DE GRASA;1;1;1;UND;1;08-05-14;1;1;47;1
373;15;5;08-05-14;S/N;1;450;GASTO;PRE INICIAL 2;1;1;1;SACO;1;08-05-14;1;1;63;1
374;15;5;08-05-14;S/N;1000;12.5;GASTO;POLLITOS BEBE;1;1;1;UND;1;08-05-14;1;1;60;1
375;2;5;08-05-14;S/N;1;130;GASTO;FILTRO COMBUSTIIBLE 33399;1;1;1;UND;1;08-05-14;1;1;6;1
376;2;5;08-05-14;S/N;2;40;GASTO;AJUSTE DE TERMINALES;1;1;1;UND;1;08-05-14;1;1;69;1
377;15;5;09-05-14;S/N;35;422;GASTO;PRE INICIAL 2;1;1;1;SACO;1;09-05-14;1;1;63;1
378;2;5;09-05-14;S/N;2;40;GASTO;ACEITE DE FRENOS DOT  4;1;1;1;UND;1;09-05-14;1;1;47;1
379;15;5;09-05-14;S/N;35;373;GASTO;CRECIMIENTO ENGORDE;1;1;1;SACO;1;09-05-14;1;1;61;1
380;23;5;09-05-14;S/N;30;364;GASTO;PONEDORA SUPER ESE;1;1;1;SACO;1;09-05-14;1;1;3;1
381;15;5;09-05-14;S/N;1;900;GASTO;COMIDA DESAYUNO Y ALMUERZO 3 PERSONAS;1;1;1;UND;1;09-05-14;1;1;33;1
382;15;5;09-05-14;S/N;1;200;GASTO;ALCABALA;1;1;1;UND;1;09-05-14;1;1;33;1
383;14;5;09-05-14;S/N;30;373;GASTO;CRECIMIENTO ENGORDE;1;1;1;SACO;1;09-05-14;1;1;61;1
384;15;5;09-05-14;S/N;1;150;GASTO;CALETEO ALIMENTO;1;1;1;UND;1;09-05-14;1;1;33;1
385;2;5;10-05-14;S/N;1;6000;GASTO;MANO DE OBRA REP. DE CAMION(FLETE) ;1;1;1;UND;1;10-05-14;1;1;69;1
386;2;5;12-05-14;S/N;1;70;GASTO;PEGA TANGUE, SELLAR FILTRACION ACEIT;1;1;1;UND;1;12-05-14;1;1;47;1
387;2;5;13-05-14;S/N;1;100;GASTO;FLAT PARA LUCES DE CRUCES;1;1;1;UND;1;13-05-14;1;1;6;1
388;2;5;13-05-14;S/N;2;500;GASTO;MICAS DELANTERAS;1;1;1;UND;1;13-05-14;1;1;6;1
389;2;5;13-05-14;S/N;1;1500;GASTO;PUENTE CENTRAL MITSUBISHI FUSO 444;1;1;1;UND;1;13-05-14;1;1;6;1
390;2;5;13-05-14;S/N;1;1800;GASTO;SERVICIO AL RADIADOR;1;1;1;UND;1;13-05-14;1;1;69;1
391;2;5;13-05-14;S/N;2;300;GASTO;MANGUERA DE FRENO LARGAS;1;1;1;UND;1;13-05-14;1;1;6;1
392;12;5;14-05-14;S/N;1;2150;GASTO;JOSE;1;1;1;UND;1;14-05-14;1;1;67;1
393;7;5;14-05-14;S/N;1;400;GASTO;RABO DE COCHINO PARA GAS;1;1;1;UND;1;14-05-14;1;1;59;1
394;8;5;14-05-14;S/N;10;40;GASTO;PACAS;1;1;1;UND;1;14-05-14;1;1;57;1
395;12;5;14-05-14;S/N;1;2150;GASTO;RAWIN;1;1;1;UND;1;14-05-14;1;1;67;1
396;4;5;14-05-14;S/N;1;1000;GASTO;ADELANTO DE CERCA;1;1;1;UND;1;14-05-14;1;1;69;1
397;14;5;16-05-14;S/N;2;34;GASTO;NEW CASTLE;1;1;1;UND;1;16-05-14;1;1;78;1
398;14;5;16-05-14;S/N;2;58;GASTO;GOMBORO;1;1;1;UND;1;16-05-14;1;1;78;1
399;14;5;17-05-14;S/N;1;250;GASTO;COMIDA MATANZA ALMUERZO;1;1;1;UND;1;17-05-14;1;1;10;1
400;14;5;17-05-14;S/N;3;300;GASTO;PERSONAL;1;1;1;UND;1;17-05-14;1;1;10;1
401;14;5;17-05-14;S/N;1;200;GASTO;COMIDA MATANZA DESAYUNO;1;1;1;UND;1;17-05-14;1;1;10;1
402;7;5;18-05-14;S/N;1;1180;GASTO;CUOTA MAYO PRESTAMO PERSONAL;1;1;1;UND;1;18-05-14;1;1;56;1
403;14;5;18-05-14;S/N;2;300;GASTO;PAGO OBREROS;1;1;1;UND;1;18-05-14;1;1;10;1
404;7;5;18-05-14;S/N;1;350;GASTO;CUOTA MAYO PRESTAMO FREZER;1;1;1;UND;1;18-05-14;1;1;56;1
405;8;5;18-05-14;S/N;4;400;GASTO;BOBINAS DE PASTO;1;1;1;UND;1;18-05-14;1;1;57;1
406;14;5;18-05-14;S/N;1;300;GASTO;COMIDA MATANZA;1;1;1;UND;1;18-05-14;1;1;10;1
407;2;5;18-05-14;S/N;2;1000;GASTO;ACEITE;1;1;1;PAILA;1;18-05-14;1;1;47;1
408;2;5;18-05-14;S/N;1;3000;GASTO;MANO DE OBRA(PUENTE CENTRAL) FRENOS Y ACEITE;1;1;1;UND;1;18-05-14;1;1;69;1
409;7;5;18-05-14;S/N;1;300;GASTO;VENENO RATON;1;1;1;UND;1;18-05-14;1;1;81;1
410;7;5;18-05-14;S/N;1;520;GASTO;CUOTA MAYO PRESTAMO POLLITO;1;1;1;UND;1;18-05-14;1;1;56;1
411;8;5;18-05-14;S/N;2;15;GASTO;AGUJA PARA BECERRO;1;1;1;UND;1;18-05-14;1;1;43;1
412;7;5;18-05-14;S/N;1;480;GASTO;CUOTA MAYO PRESTAMO ALAMBRE PUA;1;1;1;UND;1;18-05-14;1;1;56;1
413;7;5;18-05-14;S/N;1;100;GASTO;VARIOS;1;1;1;UND;1;18-05-14;1;1;80;1
414;7;5;21-05-14;S/N;1;50;GASTO;DESPARASITANTE PARA PERRO;1;1;1;UND;1;21-05-14;1;1;30;1
415;7;5;21-05-14;S/N;1;75;GASTO;BOBITA PARA EL BECERRO;1;1;1;UND;1;21-05-14;1;1;78;1
416;23;5;21-05-14;S/N;3;450;GASTO;PONEDORA SIMALCA;1;1;1;SACO;1;21-05-14;1;1;3;1
417;14;5;24-05-14;S/N;1;300;GASTO;COMIDA;1;1;1;UND;1;24-05-14;1;1;10;1
418;14;5;24-05-14;S/N;1;250;GASTO;COMIDA MATANZA DESAYUNO;1;1;1;UND;1;24-05-14;1;1;10;1
419;14;5;24-05-14;S/N;3;300;GASTO;PAGO OBREROS;1;1;1;UND;1;24-05-14;1;1;10;1
420;7;5;25-05-14;S/N;1;200;GASTO;PRESTAMO A JORGE;1;1;1;UND;1;25-05-14;1;1;56;1
421;23;5;25-05-14;S/N;9;450;GASTO;PONEDORA SIMALCA;1;1;1;SACO;1;25-05-14;1;1;3;1
422;7;5;25-05-14;S/N;1;350;GASTO;WICHO TUBOS;1;1;1;UND;1;25-05-14;1;1;69;1
423;23;5;29-05-14;S/N;10;450;GASTO;PONEDORA SIMALCA;1;1;1;SACO;1;29-05-14;1;1;3;1
424;2;5;29-05-14;S/N;1;785;GASTO;SEGURO RCV (1RA CUOTA);1;1;1;UND;1;29-05-14;1;1;72;1
425;23;5;29-05-14;S/N;1;55;GASTO;PERCLORURO ( CICATRIZANTE);1;1;1;UND;1;29-05-14;1;1;21;1
426;2;5;29-05-14;S/N;1;25;GASTO;BOMBILLO DE DOS PUNTOS;1;1;1;UND;1;29-05-14;1;1;6;1
427;2;5;01-06-14;S/N;1;180000;GASTO;PRESTAMO DE KICO PARA COMPRA DE CAMION;1;1;1;UND;1;01-06-14;1;1;25;1
428;12;5;01-06-14;S/N;1;30;GASTO;SAL + FOSFORO;1;1;1;UND;1;01-06-14;1;1;22;1
429;2;5;01-06-14;S/N;1;109550;GASTO;PAGO DE FINIQUITO A MIGUEL ESPANA;1;1;1;UND;1;01-06-14;1;1;25;1
430;12;5;04-06-14;S/N;1;2114;GASTO;COMIDA;1;1;1;UND;1;04-06-14;1;1;22;1
431;12;5;04-06-14;S/N;1;2150;GASTO;PAGO PRIMO JOSE;1;1;1;UND;1;04-06-14;1;1;67;1
432;12;5;04-06-14;S/N;1;2150;GASTO;PAGO JOSE;1;1;1;UND;1;04-06-14;1;1;67;1
433;7;5;04-06-14;S/N;1;90;GASTO;COLETO;1;1;1;UND;1;04-06-14;1;1;79;1
434;7;5;04-06-14;S/N;1;1000;GASTO;PRESTAMO A JOSE;1;1;1;UND;1;04-06-14;1;1;56;1
435;14;5;04-06-14;S/N;1;500;GASTO;MATANZA DE POLLO A JOSE;1;1;1;UND;1;04-06-14;1;1;10;1
436;23;5;05-06-14;S/N;4;410;GASTO;PONEDORA;1;1;1;SACO;1;05-06-14;1;1;3;1
437;6;5;06-06-14;S/N;4;300;GASTO;MATENIMIENTO MERSAN;1;1;1;SACO;1;06-06-14;1;1;19;1
438;8;5;06-06-14;S/N;2;375;GASTO;ALIMENTO ENGORDE;1;1;1;SACO;1;06-06-14;1;1;34;1
439;23;5;06-06-14;S/N;1;490;GASTO;PONEDORA;1;1;1;SACO;1;06-06-14;1;1;3;1
440;16;5;07-06-14;S/N;1;800;GASTO;COMIDA DESAYUNO Y ALMUERZO 3 PERSONAS;1;1;1;UND;1;07-06-14;1;1;33;1
441;15;5;07-06-14;S/N;50;409;GASTO;POLLO ENGORDE TERMINADOR;1;1;1;SACO;1;07-06-14;1;1;61;1
442;2;5;07-06-14;S/N;7;110;GASTO;PLASTICO NEGRO ;1;1;1;MTS;1;07-06-14;1;1;47;1
443;15;5;07-06-14;S/N;17;409;GASTO;POLLO ENGORDE TERMINADOR;1;1;1;SACO;1;07-06-14;1;1;61;1
444;16;5;07-06-14;S/N;1;120;GASTO;CALETEO ALIMENTO;1;1;1;UND;1;07-06-14;1;1;61;1
445;16;5;07-06-14;S/N;1;150;GASTO;ALCABALA;1;1;1;UND;1;07-06-14;1;1;33;1
446;16;5;07-06-14;S/N;1;500;GASTO;CHOFFER;1;1;1;UND;1;07-06-14;1;1;33;1
447;16;5;07-06-14;S/N;33;415;GASTO;POLLO INICIADOR;1;1;1;SACO;1;07-06-14;1;1;62;1
448;23;5;07-06-14;S/N;50;405;GASTO;PONEDORA;1;1;1;SACO;1;07-06-14;1;1;3;1
449;7;5;08-06-14;S/N;1;140;GASTO;CREOLINA;1;1;1;UND;1;08-06-14;1;1;80;1
450;5;5;08-06-14;S/N;1;150;GASTO;MANO DE OBRA HACER BASES;1;1;1;UND;1;08-06-14;1;1;50;1
451;5;5;11-06-14;S/N;5;60;GASTO;CEMENTO;1;1;1;UND;1;11-06-14;1;1;24;1
452;15;5;12-06-14;S/N;1;285;GASTO;PROMOTOR DE CRECIMIENTO;1;1;1;UND;1;12-06-14;1;1;83;1
453;16;5;13-06-14;S/N;1000;13;GASTO;POLLO BB;1;1;1;UND;1;13-06-14;1;1;60;1
454;5;5;13-06-14;S/N;1;360;GASTO;COMIDA;1;1;1;UND;1;13-06-14;1;1;69;1
455;15;5;13-06-14;S/N;3;76;GASTO;BOLSAS DE 10 KG CON ASA;1;1;1;CENTENAR;1;13-06-14;1;1;11;1
456;15;5;13-06-14;S/N;2;350;GASTO;BOLSAS DE 3 KG SIN ASA;1;1;1;MILLAR;1;13-06-14;1;1;11;1
457;5;5;13-06-14;S/N;2;500;GASTO;MANO DE OBRA DOS DIAS / DOS PERSONAS;1;1;1;UND;1;13-06-14;1;1;69;1
458;5;5;13-06-14;S/N;200;10;GASTO;BLOQUES;1;1;1;UND;1;13-06-14;1;1;24;1
459;8;5;14-06-14;S/N;2;390;GASTO;ALIMENTO ENGORDE;1;1;1;SACO;1;14-06-14;1;1;34;1
460;8;5;14-06-14;S/N;1;80;GASTO;SAL 20KG;1;1;1;UND;1;14-06-14;1;1;70;1
461;5;5;14-06-14;S/N;1;200;GASTO;DESAYUNO TRABAJO ;1;1;1;UND;1;14-06-14;1;1;23;1
462;12;5;15-06-14;S/N;1;2150;GASTO;PAGO JOSE;1;1;1;UND;1;15-06-14;1;1;67;1
463;1;5;15-06-14;S/N;1;500;GASTO;TRASLADO DE CABALLO;1;1;1;UND;1;15-06-14;1;1;33;1
464;12;5;15-06-14;S/N;1;2150;GASTO;PAGO PRIMO JOSE;1;1;1;UND;1;15-06-14;1;1;67;1
465;1;5;15-06-14;S/N;1;2500;GASTO;COMPRA DE CABALLO;1;1;1;UND;1;15-06-14;1;1;13;1
466;8;5;17-06-14;S/N;1;60;GASTO;HIERRO;1;1;1;UND;1;17-06-14;1;1;42;1
467;8;5;17-06-14;S/N;1;350;GASTO;DESPARASITANTE PARA GANADO;1;1;1;UND;1;17-06-14;1;1;30;1
468;7;5;19-06-14;S/N;1;1147;GASTO;RUEDA NEUMATICA DE CARRETILLA;1;1;1;UND;1;19-06-14;1;1;15;1
469;10;5;19-06-14;S/N;2;43;GASTO;UNION UNIVERSAL DE 1/2 PACO;1;1;1;UND;1;19-06-14;1;1;59;1
470;16;5;19-06-14;S/N;1;100;GASTO;GAS ;1;1;1;UND;1;19-06-14;1;1;12;1
471;15;5;21-06-14;S/N;1;200;GASTO;ALMUERZO PARA 6 PERSONAS;1;1;1;UND;1;21-06-14;1;1;10;1
472;12;5;22-06-14;S/N;1;30;GASTO;AZUCAR ;1;1;1;UND;1;22-06-14;1;1;22;1
473;5;5;22-06-14;S/N;1;375;GASTO;COMIDA PARA TRES PERSONAS;1;1;1;UND;1;22-06-14;1;1;69;1
474;10;5;23-06-14;S/N;1;1147;GASTO;TANQUE DECOPLAS 900 LTS;1;1;1;UND;1;23-06-14;1;1;58;1
475;15;5;23-06-14;S/N;6;470;GASTO;POLLO ENGORDE;1;1;1;SACO;1;23-06-14;1;1;61;1
476;15;5;24-06-14;S/N;3;300;GASTO;MATANZA DE 320 POLLAS (3 PERSOANAS);1;1;1;UND;1;24-06-14;1;1;10;1
477;15;5;24-06-14;S/N;1;280;GASTO;DESAYUNO PARA 6 PERSONAS;1;1;1;UND;1;24-06-14;1;1;10;1
478;15;5;24-06-14;S/N;8;40;GASTO;DEDOS PARA LA PELADORA DE POLLOS;1;1;1;UND;1;24-06-14;1;1;10;1
479;15;5;24-06-14;S/N;1;356;GASTO;ALMUERZO PARA 6 PERSONAS;1;1;1;UND;1;24-06-14;1;1;10;1
480;2;5;27-06-14;S/N;1;1500;GASTO;REPARACION DE FRENOS TRASEROS;1;1;1;UND;1;27-06-14;1;1;69;1
481;10;5;28-06-14;S/N;1;130;GASTO;ANILLO PARA CONEXION DEL TANQUE ;1;1;1;UND;1;28-06-14;1;1;59;1
482;15;5;28-06-14;S/N;3;470;GASTO;ENGORDE MERSAN;1;1;1;SACO;1;28-06-14;1;1;61;1
483;10;5;28-06-14;S/N;1;130;GASTO;ANILLO PARA CONEXION DEL TANQUE ;1;1;1;UND;1;28-06-14;1;1;59;1
484;4;5;28-06-14;S/N;1;884;GASTO;ADELANTO A JOSE;1;1;1;UND;1;28-06-14;1;1;69;1
485;6;5;28-06-14;S/N;3;300;GASTO;MATENIMIENTO MERSAN;1;1;1;SACO;1;28-06-14;1;1;19;1
486;15;5;29-06-14;S/N;1;180;GASTO;PANELA DE HIELO;1;1;1;UND;1;29-06-14;1;1;10;1
487;15;5;29-06-14;S/N;2;300;GASTO;MATANZA 2 PERSONAS;1;1;1;UND;1;29-06-14;1;1;10;1
488;15;5;29-06-14;S/N;1;200;GASTO;DESAYUNO;1;1;1;UND;1;29-06-14;1;1;10;1
489;12;5;29-06-14;S/N;1;200;GASTO;mercado para jose ;1;1;1;UND;1;29-06-14;1;1;22;1
490;15;5;02-07-14;S/N;1;500;GASTO;MATANZA DE POLLO JOSE;1;1;1;UND;1;02-07-14;1;1;10;1
491;7;5;02-07-14;S/N;1;900;GASTO;PAGO CUOTA JUNIO PRESTAMO PERSONAL ;1;1;1;UND;1;02-07-14;1;1;56;1
492;15;5;02-07-14;S/N;1;500;GASTO;MATANZA DE POLLOS PRIMO JOSE;1;1;1;UND;1;02-07-14;1;1;10;1
493;12;5;02-07-14;S/N;1;2150;GASTO;PAGO NOMINA JUNIO JOSE;1;1;1;UND;1;02-07-14;1;1;67;1
494;12;5;02-07-14;S/N;1;2150;GASTO;PAGO NOMINA JUNIO PRIMO JOSE;1;1;1;UND;1;02-07-14;1;1;67;1
495;7;5;02-07-14;S/N;4;60;GASTO;4 bombillos de 150 watt;1;1;1;UND;1;02-07-14;1;1;31;1
496;7;5;02-07-14;S/N;1;30;GASTO;VARIOS;1;1;1;UND;1;02-07-14;1;1;80;1
497;7;5;02-07-14;S/N;1;350;GASTO;CREDITO POLLOS;1;1;1;UND;1;02-07-14;1;1;56;1
498;7;5;02-07-14;S/N;1;480;GASTO;CREDITO ALAMBRE;1;1;1;UND;1;02-07-14;1;1;56;1
499;12;5;02-07-14;S/N;1;370;GASTO;COMIDA 30-6-14;1;1;1;UND;1;02-07-14;1;1;22;1
500;7;5;02-07-14;S/N;1;520;GASTO;CREDITO FREZEER;1;1;1;UND;1;02-07-14;1;1;56;1
501;12;5;02-07-14;S/N;1;650;GASTO;comida comprada en junio para el mes de julio;1;1;1;UND;1;02-07-14;1;1;22;1
502;23;5;03-07-14;S/N;10;440;GASTO;PONEDORA SIMALCA;1;1;1;SACO;1;03-07-14;1;1;3;1
503;16;5;03-07-14;S/N;10;470;GASTO;ENGORDE MERSAN;1;1;1;SACO;1;03-07-14;1;1;61;1
504;1;5;05-07-14;S/N;1;2415;GASTO;silla de trabajo;1;1;1;UND;1;05-07-14;1;1;5;1
505;2;5;05-07-14;S/N;1;777;GASTO;SEGURO RCV (2da CUOTA);1;1;1;UND;1;05-07-14;1;1;72;1
506;15;5;07-07-14;S/N;1;200;GASTO;MANO DE OBRA VICTOR PADRE;1;1;1;UND;1;07-07-14;1;1;10;1
507;5;5;08-07-14;S/N;1;300;GASTO;MANO DE OBRA WICHO ;1;1;1;UND;1;08-07-14;1;1;69;1
508;7;5;08-07-14;S/N;1;1300;GASTO;REPARACION DE MOTOSIERRA Y BASTON;1;1;1;UND;1;08-07-14;1;1;69;1
509;8;5;08-07-14;S/N;1;270;GASTO;AFTOVAC B 50 DS ;1;1;1;UND;1;08-07-14;1;1;78;1
510;2;5;08-07-14;S/N;1;5000;GASTO;ADELANTO DE MOTOR;1;1;1;UND;1;08-07-14;1;1;69;1
511;7;5;08-07-14;S/N;1;800;GASTO;PAPELES PARA PREPARAR EL CREDITO;1;1;1;UND;1;08-07-14;1;1;56;1
512;5;5;08-07-14;S/N;1;300;GASTO;MANO DE OBRA VICTOR PADRE;1;1;1;UND;1;08-07-14;1;1;69;1
513;5;5;08-07-14;S/N;1;165;GASTO;DESAYUNO;1;1;1;UND;1;08-07-14;1;1;69;1
514;16;5;11-07-14;S/N;15;455;GASTO;ENGORDE MERSAN (COCHINO);1;1;1;SACO;1;11-07-14;1;1;61;1
515;16;5;12-07-14;S/N;7;455;GASTO;POLLO ENG. ALTA ENERGIA;1;1;1;SACO;1;12-07-14;1;1;61;1
516;23;5;12-07-14;S/N;6;455;GASTO;PONARINA SILMACA;1;1;1;SACO;1;12-07-14;1;1;3;1
517;16;5;12-07-14;S/N;2;385;GASTO;ENGORDE MERSAN (COCHINO);1;1;1;SACO;1;12-07-14;1;1;61;1
518;16;5;14-07-14;S/N;9;385;GASTO;ENGORDE MERSAN (COCHINO);1;1;1;SACO;1;14-07-14;1;1;61;1
519;23;5;14-07-14;S/N;6;440;GASTO;PONARINA;1;1;1;SACO;1;14-07-14;1;1;3;1
520;12;5;15-07-14;S/N;1;2150;GASTO;PAGO NOMINA JUNIO PRIMO JOSE;1;1;1;UND;1;15-07-14;1;1;67;1
521;7;5;15-07-14;S/N;1;740;GASTO;CEMENTO;1;1;1;UND;1;15-07-14;1;1;24;1
522;12;5;15-07-14;S/N;1;2150;GASTO;PAGO NOMINA JUNIO JOSE;1;1;1;UND;1;15-07-14;1;1;67;1
523;7;5;15-07-14;S/N;1;3500;GASTO;PLANOS DE LA FINCA;1;1;1;UND;1;15-07-14;1;1;44;1
524;7;5;15-07-14;S/N;1;2530;GASTO;CREDITO VARIOS;1;1;1;UND;1;15-07-14;1;1;56;1
525;7;5;15-07-14;S/N;1;480;GASTO;CINCHA +VENENO DE RATO;1;1;1;UND;1;15-07-14;1;1;8;1
526;12;5;15-07-14;S/N;1;2078;GASTO;COMIDA  ;1;1;1;UND;1;15-07-14;1;1;22;1
527;2;5;15-07-14;S/N;1;750;GASTO;REVISION;1;1;1;UND;1;15-07-14;1;1;76;1
528;16;5;17-07-14;S/N;2;300;GASTO;ENGORDE MERSAN (COCHINO);1;1;1;SACO;1;17-07-14;1;1;61;1
529;23;5;17-07-14;S/N;6;450;GASTO;PONARINA;1;1;1;SACO;1;17-07-14;1;1;3;1
530;16;5;17-07-14;S/N;9;385;GASTO;ENGORDE MERSAN (COCHINO);1;1;1;SACO;1;17-07-14;1;1;61;1
531;7;5;18-07-14;S/N;1;200;GASTO;"LIMA MOTOSIERRA 5/32"" BV";1;1;1;UND;1;18-07-14;1;1;39;1
532;23;5;20-07-14;S/N;8;500;GASTO;PONARINA SILMACA;1;1;1;SACO;1;20-07-14;1;1;3;1
533;16;5;20-07-14;S/N;15;470;GASTO;ENGORDE MERSAN (COCHINO);1;1;1;SACO;1;20-07-14;1;1;61;1
534;2;5;21-07-14;S/N;1;1500;GASTO;ACEITE 20 50 DIESEL PAILA;1;1;1;UND;1;21-07-14;1;1;47;1
535;7;5;21-07-14;S/N;1;190;GASTO;UNION DE 25 MM, TEE DE 32 MM, ADAP 32 MM A 3/4;1;1;1;UND;1;21-07-14;1;1;59;1
536;16;5;24-07-14;S/N;3;500;GASTO;ENGORDE POLLO SS;1;1;1;SACO;1;24-07-14;1;1;61;1
537;16;5;26-07-14;S/N;2;90;GASTO;BOLSAS;1;1;1;UND;1;26-07-14;1;1;11;1
538;7;5;26-07-14;S/N;1;20;GASTO;BOMBONA DE GAS MEDIANA;1;1;1;UND;1;26-07-14;1;1;12;1
539;16;5;26-07-14;S/N;2;300;GASTO;MATANZA WICHO Y CHAMO;1;1;1;UND;1;26-07-14;1;1;10;1
540;23;5;26-07-14;S/N;1;210;GASTO;VITA PRO;1;1;1;UND;1;26-07-14;1;1;83;1
541;23;5;26-07-14;S/N;15;490;GASTO;PONEDORA SS;1;1;1;SACO;1;26-07-14;1;1;3;1
542;16;5;26-07-14;S/N;10;370;GASTO;ENGORDE POLLO SILAMACA CERDO;1;1;1;SACO;1;26-07-14;1;1;61;1
543;6;5;26-07-14;S/N;2;10;GASTO;INYECTADORA;1;1;1;UND;1;26-07-14;1;1;43;1
544;16;5;30-07-14;S/N;7;385;GASTO;ENGORDE POLLO SILAMACA CERDO;1;1;1;SACO;1;30-07-14;1;1;61;1
545;16;5;02-08-14;S/N;1;200;GASTO;MATANZA COMIDA;1;1;1;UND;1;02-08-14;1;1;10;1
546;16;5;02-08-14;S/N;1;200;GASTO;MATANZA DESAYUNO;1;1;1;UND;1;02-08-14;1;1;10;1
547;16;5;02-08-14;S/N;2;300;GASTO;MATANZA WICHO Y CHAMO;1;1;1;UND;1;02-08-14;1;1;10;1
548;12;5;02-08-14;S/N;1;2150;GASTO;PAGO NOMINA JUNIO PRIMO JOSE;1;1;1;UND;1;02-08-14;1;1;67;1
549;16;5;02-08-14;S/N;1;500;GASTO;MATANZA PRIMO JOSE;1;1;1;UND;1;02-08-14;1;1;10;1
550;12;5;02-08-14;S/N;1;2150;GASTO;PAGO NOMINA JUNIO JOSE;1;1;1;UND;1;02-08-14;1;1;67;1
551;16;5;02-08-14;S/N;4;60;GASTO;BOLSAS;1;1;1;UND;1;02-08-14;1;1;11;1
552;16;5;03-08-14;S/N;5;480;GASTO;CERDO ENGORDE;1;1;1;SACO;1;03-08-14;1;1;61;1
553;23;5;05-08-14;S/N;2;495;GASTO;PONEDORA MERSAN;1;1;1;SACO;1;05-08-14;1;1;3;1
554;23;5;05-08-14;S/N;1;135;GASTO;VITA PRO;1;1;1;UND;1;05-08-14;1;1;83;1
555;16;5;05-08-14;S/N;2;380;GASTO;CERDO ENGORDE PROCRIA;1;1;1;UND;1;05-08-14;1;1;61;1
556;16;5;05-08-14;S/N;5;110;GASTO;BOLSAS DE 15 KG CON ASA;1;1;1;CENTENAR;1;05-08-14;1;1;11;1
557;16;5;05-08-14;S/N;2;545;GASTO;BOLSAS DE 3 KG SIN ASA;1;1;1;MILLAR;1;05-08-14;1;1;11;1
558;16;5;07-08-14;S/N;2;380;GASTO;CERDO ENGORDE PROCRIA;1;1;1;UND;1;07-08-14;1;1;61;1
559;2;5;07-08-14;S/N;1;300;GASTO;VIATICOS POR VIAJE A CAMBIAR ANILLOS;1;1;1;UND;1;07-08-14;1;1;69;1
560;23;5;07-08-14;S/N;2;495;GASTO;PONEDORA MERSAN;1;1;1;SACO;1;07-08-14;1;1;3;1
561;7;5;08-08-14;S/N;1;4800;GASTO;SILLA DE TRABAJO DE CUERO SEMIAPERADA;1;1;1;UND;1;08-08-14;1;1;5;1
562;16;5;09-08-14;S/N;1;250;GASTO;desayuno;1;1;1;UND;1;09-08-14;1;1;10;1
563;23;5;09-08-14;S/N;10;520;GASTO;PONEDORA ESPECIAL;1;1;1;SACO;1;09-08-14;1;1;3;1
564;16;5;09-08-14;S/N;1;300;GASTO;ALMUERZO ;1;1;1;UND;1;09-08-14;1;1;10;1
565;16;5;09-08-14;S/N;1;300;GASTO;matanza una persona;1;1;1;UND;1;09-08-14;1;1;10;1
566;6;5;09-08-14;S/N;1;350;GASTO;CERDO;1;1;1;SACO;1;09-08-14;1;1;19;1
567;16;5;09-08-14;S/N;10;25;GASTO;dedos;1;1;1;UND;1;09-08-14;1;1;11;1
568;17;5;13-08-14;S/N;25;475;GASTO;POLLLO INICIADOR;1;1;1;SACO;1;13-08-14;1;1;62;1
569;23;5;13-08-14;S/N;25;453;GASTO;PONEDORA ESPECIAL;1;1;1;SACO;1;13-08-14;1;1;3;1
570;2;5;15-08-14;S/N;1;13500;GASTO;pago reparacion de motor 2da;1;1;1;UND;1;15-08-14;1;1;69;1
571;7;5;15-08-14;S/N;1;40;GASTO;MEDICINA TRABAJADOR;1;1;1;UND;1;15-08-14;1;1;43;1
572;17;5;15-08-14;S/N;1000;14;GASTO;POLLO BB;1;1;1;UND;1;15-08-14;1;1;60;1
573;2;5;15-08-14;S/N;1;15200;GASTO;BOMBA DE ACEITA Y CONCHA DE VIELA;1;1;1;UND;1;15-08-14;1;1;6;1
574;6;5;15-08-14;S/N;5;450;GASTO;CERDO;1;1;1;SACO;1;15-08-14;1;1;17;1
575;2;5;15-08-14;S/N;1;6000;GASTO;ANILLOS;1;1;1;UND;1;15-08-14;1;1;6;1
576;2;5;15-08-14;S/N;1;3800;GASTO;CONCHA DE BANCADA;1;1;1;UND;1;15-08-14;1;1;6;1
577;2;5;15-08-14;S/N;1;9200;GASTO;EMPACADURA;1;1;1;UND;1;15-08-14;1;1;6;1
578;2;5;15-08-14;S/N;1;2600;GASTO;FILTROS, PEGA, SILICON Y OTROS;1;1;1;UND;1;15-08-14;1;1;6;1
579;2;5;15-08-14;S/N;1;13500;GASTO;pago reparacion de motor 1ra;1;1;1;UND;1;15-08-14;1;1;69;1
580;2;5;15-08-14;S/N;1;28000;GASTO;CIGUENAL;1;1;1;UND;1;15-08-14;1;1;6;1
581;2;5;15-08-14;S/N;1;2520;GASTO;KIT DE AXIALES;1;1;1;UND;1;15-08-14;1;1;6;1
582;16;5;16-08-14;S/N;1;900;GASTO;wicho y jose y rauly;1;1;1;UND;1;16-08-14;1;1;10;1
583;12;5;16-08-14;S/N;1;2150;GASTO;pago a rauly;1;1;1;UND;1;16-08-14;1;1;67;1
584;12;5;16-08-14;S/N;1;2150;GASTO;pago a jose;1;1;1;UND;1;16-08-14;1;1;67;1
585;7;5;17-08-14;S/N;1;2530;GASTO;credito;1;1;1;;1;17-08-14;1;1;56;1
586;12;5;17-08-14;S/N;1;820;GASTO;comida;1;1;1;;1;17-08-14;1;1;22;1
587;23;5;17-08-14;S/N;1;300;GASTO;MATANZA DE GALLINAS (COMIDA);1;1;1;UND;1;17-08-14;1;1;10;1
588;2;5;21-08-14;S/N;1;3300;GASTO;ARRANQUE (ENCAMISADO Y REP.);1;1;1;UND;1;21-08-14;1;1;6;1
589;5;5;21-08-14;S/N;100;12;GASTO;BLOQUES;1;1;1;UND;1;21-08-14;1;1;24;1
590;12;5;28-08-14;S/N;1;650;GASTO;MERCADO;1;1;1;UND;1;28-08-14;1;1;22;1
591;12;5;28-08-14;S/N;1;120;GASTO;DOS ACEITES ;1;1;1;UND;1;28-08-14;1;1;22;1
592;2;5;28-08-14;S/N;1;3000;GASTO;mano de obra motor;1;1;1;UND;1;28-08-14;1;1;69;1
593;12;5;28-08-14;S/N;1;320;GASTO;MERCADO;1;1;1;UND;1;28-08-14;1;1;22;1
594;12;5;28-08-14;S/N;1;150;GASTO;MERCADO;1;1;1;UND;1;28-08-14;1;1;22;1
595;12;5;28-08-14;S/N;1;70;GASTO;MAYONESA;1;1;1;UND;1;28-08-14;1;1;22;1
596;12;5;28-08-14;S/N;1;30;GASTO;JABON;1;1;1;UND;1;28-08-14;1;1;22;1
597;12;5;28-08-14;S/N;1;30;GASTO;MANTEQUILLA;1;1;1;UND;1;28-08-14;1;1;22;1
598;7;5;28-08-14;S/N;1;800;GASTO;BALANCE PERSONAL;1;1;1;UND;1;28-08-14;1;1;55;1
599;12;5;28-08-14;S/N;1;25;GASTO;PAPEL HIGIENICO;1;1;1;UND;1;28-08-14;1;1;22;1
600;7;5;29-08-14;S/N;1;800;GASTO;motor para friser;1;1;1;UND;1;29-08-14;1;1;68;1
601;7;5;31-08-14;S/N;1;350;GASTO;CREDITO FREZEER SEP;1;1;1;UND;1;31-08-14;1;1;56;1
602;7;5;31-08-14;S/N;1;310;GASTO;VENENO DE RATON 3-10-14;1;1;1;UND;1;31-08-14;1;1;81;1
603;8;5;31-08-14;S/N;1;415;GASTO;ENGORDE GANAD0;1;1;1;SACO;1;31-08-14;1;1;34;1
604;6;5;31-08-14;S/N;1;676;GASTO;INICIADOR COCHINO Y HIERRO;1;1;1;SACO;1;31-08-14;1;1;17;1
606;12;5;31-08-14;S/N;1;60;GASTO;SEIS ARROZ;1;1;1;UND;1;31-08-14;1;1;22;1
607;6;5;31-08-14;S/N;1;495;GASTO;1 SACO MTTO COCHINO Y SACO DE SAL ROJA;1;1;1;SACO;1;31-08-14;1;1;19;1
608;7;5;31-08-14;S/N;1;11000;GASTO;prestamo pago wilfrido 02-9-14;1;1;1;UND;1;31-08-14;1;1;56;1
609;12;5;31-08-14;S/N;1;1770;GASTO;COMIDA;1;1;1;UND;1;31-08-14;1;1;22;1
610;7;5;31-08-14;S/N;1;12306;GASTO;PRESTAMOS PARA PAGO DE WILFRIDO 30-09-14;1;1;1;UND;1;31-08-14;1;1;56;1
611;7;5;31-08-14;S/N;1;480;GASTO;CREDITO ALAMBRE  SEP;1;1;1;UND;1;31-08-14;1;1;56;1
613;7;5;31-08-14;S/N;1;135;GASTO;SAL BOMBILLO;1;1;1;UND;1;31-08-14;1;1;80;1
614;7;5;31-08-14;S/N;1;520;GASTO;CREDITO POLLITOS SEP;1;1;1;UND;1;31-08-14;1;1;56;1
615;6;5;06-09-14;S/N;4;271;GASTO;CERDO;1;1;1;SACO;1;06-09-14;1;1;19;1
616;7;5;06-09-14;S/N;1;685;GASTO;DESPACADAC 5 LT;1;1;1;UND;1;06-09-14;1;1;83;1
617;6;5;06-09-14;S/N;1;580;GASTO;CERDO PURO LOMO;1;1;1;SACO;1;06-09-14;1;1;17;1
618;8;5;06-09-14;S/N;1;288;GASTO;vitamina;1;1;1;UND;1;06-09-14;1;1;83;1
619;17;5;06-09-14;S/N;8;520;GASTO;iniciador;1;1;1;SACO;1;06-09-14;1;1;62;1
620;23;5;06-09-14;S/N;7;498;GASTO;ponedora;1;1;1;SACO;1;06-09-14;1;1;3;1
621;8;5;06-09-14;S/N;4;319;GASTO;GANADO ;1;1;1;SACO;1;06-09-14;1;1;34;1
622;7;5;06-09-14;S/N;1;139;GASTO;MECATE;1;1;1;UND;1;06-09-14;1;1;80;1
623;2;5;06-09-14;S/N;1;552;GASTO;ELECTRODOS 1/8;1;1;1;UND;1;06-09-14;1;1;39;1
624;17;5;06-09-14;S/N;2;760;GASTO;bolsas 30 * 40;1;1;1;MILLAR;1;06-09-14;1;1;11;1
625;2;5;06-09-14;S/N;1;4000;GASTO;mano de obra inyectores ;1;1;1;UND;1;06-09-14;1;1;69;1
626;23;5;06-09-14;S/N;47;492;GASTO;ponedora;1;1;1;SACO;1;06-09-14;1;1;3;1
627;17;5;06-09-14;S/N;75;521;GASTO;ENGORDE;1;1;1;SACO;1;06-09-14;1;1;61;1
628;17;5;06-09-14;S/N;1;2250;GASTO;fleta + matraca + aceeite+ mecate+ comida;1;1;1;UND;1;06-09-14;1;1;33;1
629;7;5;14-09-14;S/N;1;315;GASTO;CREOLINA;1;1;1;UND;1;14-09-14;1;1;80;1
630;6;5;14-09-14;S/N;5;620;GASTO;CERDO PURO LOMO;1;1;1;SACO;1;14-09-14;1;1;17;1
631;6;5;14-09-14;S/N;1;228;GASTO;MATA GUSANO EN CREMO;1;1;1;UND;1;14-09-14;1;1;51;1
632;7;5;14-09-14;S/N;1;800;GASTO;reparacion del baston;1;1;1;UND;1;14-09-14;1;1;29;1
633;7;5;15-09-14;S/N;1;900;GASTO;pago de tarjetas de credito provincial;1;1;1;UND;1;15-09-14;1;1;56;1
634;12;5;15-09-14;S/N;1;2150;GASTO;pago a jose;1;1;1;UND;1;15-09-14;1;1;67;1
635;12;5;15-09-14;S/N;1;2150;GASTO;pago a rauly;1;1;1;UND;1;15-09-14;1;1;67;1
636;7;5;19-09-14;S/N;1;85;GASTO;cal ;1;1;1;UND;1;19-09-14;1;1;24;1
637;5;5;19-09-14;S/N;1;600;GASTO;GRANZA;1;1;1;UND;1;19-09-14;1;1;24;1
638;12;5;19-09-14;S/N;1;150;GASTO;alinos;1;1;1;UND;1;19-09-14;1;1;22;1
639;8;5;19-09-14;S/N;1;280;GASTO;MELAZA;1;1;1;UND;1;19-09-14;1;1;52;1
640;8;5;19-09-14;S/N;10;60;GASTO;PACAS;1;1;1;UND;1;19-09-14;1;1;57;1
641;17;5;28-09-14;S/N;1;200;GASTO;COMIDA;1;1;1;UND;1;28-09-14;1;1;10;1
642;17;5;28-09-14;S/N;3;300;GASTO;MATANZA TRES PERSONAS;1;1;1;UND;1;28-09-14;1;1;10;1
643;2;5;28-09-14;S/N;1;12000;GASTO;INYECTORES;1;1;1;UND;1;28-09-14;1;1;6;1
644;2;5;28-09-14;S/N;1;650;GASTO;CORNETAS (PITO) PARA EL CAMION;1;1;1;UND;1;28-09-14;1;1;6;1
645;17;5;28-09-14;S/N;10;30;GASTO;DEDOS;1;1;1;UND;1;28-09-14;1;1;27;1
646;12;5;28-09-14;S/N;1;695;GASTO;COMIDA;1;1;1;UND;1;28-09-14;1;1;22;1
647;6;5;28-09-14;S/N;2;600;GASTO;CERDO;1;1;1;SACO;1;28-09-14;1;1;17;1
648;2;5;28-09-14;S/N;1;1200;GASTO;ALINEACION Y CAMBIO DE CAUCHOS;1;1;1;UND;1;28-09-14;1;1;69;1
649;17;5;29-09-14;S/N;8;610;GASTO;ENGORDE;1;1;1;SACO;1;29-09-14;1;1;61;1
650;17;5;04-10-14;S/N;3;300;GASTO;mano de obra;1;1;1;UND;1;04-10-14;1;1;10;1
651;6;5;04-10-14;S/N;1;410;GASTO;CERDO mtto;1;1;1;SACO;1;04-10-14;1;1;19;1
652;6;5;04-10-14;S/N;1;580;GASTO;CERDO desarrollo;1;1;1;SACO;1;04-10-14;1;1;17;1
653;17;5;04-10-14;S/N;1;320;GASTO;desayuno + almuerzo;1;1;1;UND;1;04-10-14;1;1;10;1
654;12;5;05-10-14;S/N;1;2150;GASTO;pago a rauly;1;1;1;UND;1;05-10-14;1;1;67;1
655;17;5;05-10-14;S/N;2;300;GASTO;PAGO DOS PERSONAS;1;1;1;UND;1;05-10-14;1;1;10;1
656;17;5;05-10-14;S/N;3;150;GASTO;PAGO JOSE;1;1;1;UND;1;05-10-14;1;1;10;1
657;12;5;05-10-14;S/N;1;2150;GASTO;pago a jose;1;1;1;UND;1;05-10-14;1;1;67;1
658;17;5;05-10-14;S/N;3;150;GASTO;PAGO RAULI;1;1;1;UND;1;05-10-14;1;1;10;1
659;4;5;10-10-14;S/N;5;120;GASTO;GRAMPAS PARA CERCA;1;1;1;KG;1;10-10-14;1;1;39;1
660;23;5;10-10-14;S/N;2;135;GASTO;VITA PRO;1;1;1;UND;1;10-10-14;1;1;83;1
661;5;5;12-10-14;S/N;1;500;GASTO;FRISADO + DESAYUNO;1;1;1;UND;1;12-10-14;1;1;69;1
662;7;5;12-10-14;S/N;2;50;GASTO;TALONARIO;1;1;1;UND;1;12-10-14;1;1;74;1
663;23;5;12-10-14;S/N;8;670;GASTO;PONEDORA;1;1;1;SACO;1;12-10-14;1;1;3;1
664;6;5;12-10-14;S/N;2;610;GASTO;DESARROLLO;1;1;1;SACO;1;12-10-14;1;1;17;1
665;6;5;12-10-14;S/N;2;405;GASTO;MANTENIMIETO;1;1;1;SACO;1;12-10-14;1;1;19;1
666;7;5;12-10-14;S/N;1;170;GASTO;"LIMA MOTOSIERRA 5/32"" BV";1;1;1;UND;1;12-10-14;1;1;38;1
