 pk_movimiento;fk_rubro;fk_responsable;fe_fecha_factura;tx_factura;nu_cantidad;nu_precio;tx_tipo;tx_observacion;fk_cliente;fk_proveedor;nu_cant_item;tx_unidad;fk_marca;fe_fecha_registro;fk_ubicacion;fk_contrato;fk_tipo_clase;nu_referencia
1;12;5;29/12/2013;;2;161;GASTO;OBSEQUIO TRABAJADORES (2 BOTELLA);1;1;1;UND;1;29/12/2013;1;1;1;1
2;13;5;15/12/2013;;1;420;GASTO;PURICACHAMA;1;1;1;SACO;1;15/12/2013;1;1;2;2
3;23;5;03/07/2014;;10;440;GASTO;PONEDORA SIMALCA;1;1;1;SACO;1;03/07/2014;1;1;3;3
4;23;5;07/08/2014;;2;495;GASTO;PONEDORA MERSAN;1;1;1;SACO;1;07/08/2014;1;1;3;4
5;23;5;10/04/2014;;6;385;GASTO;PONEDORA PROTINAL;1;1;1;SACO;1;10/04/2014;1;1;3;5
6;23;5;25/05/2014;;9;450;GASTO;PONEDORA SIMALCA;1;1;1;SACO;1;25/05/2014;1;1;3;6
7;23;5;18/10/2013;;52;322;GASTO;PONEDORA;1;1;1;SACO;1;18/10/2013;1;1;3;7
8;23;5;29/05/2014;;10;450;GASTO;PONEDORA SIMALCA;1;1;1;SACO;1;29/05/2014;1;1;3;8
9;23;5;26/07/2014;;15;490;GASTO;PONEDORA SS;1;1;1;SACO;1;26/07/2014;1;1;3;9
10;23;5;09/08/2014;;10;520;GASTO;PONEDORA ESPECIAL;1;1;1;SACO;1;09/08/2014;1;1;3;10
11;23;5;13/08/2014;;25;453;GASTO;PONEDORA ESPECIAL;1;1;1;SACO;1;13/08/2014;1;1;3;11
12;23;5;05/02/2014;;3;385;GASTO;PONEDORA ESPECIAL MERSAN;1;1;1;SACO;1;05/02/2014;1;1;3;12
13;23;5;19/01/2014;;3;352;GASTO;PONEDORA ESPECIAL;1;1;1;SACO;1;19/01/2014;1;1;3;13
14;23;5;09/05/2014;;30;364;GASTO;PONEDORA SUPER ESE;1;1;1;SACO;1;09/05/2014;1;1;3;14
15;23;5;12/10/2014;;8;670;GASTO;PONEDORA;1;1;1;SACO;1;12/10/2014;1;1;3;15
16;23;5;14/07/2014;;6;440;GASTO;PONARINA;1;1;1;SACO;1;14/07/2014;1;1;3;16
17;22;5;15/02/2014;;4;385;GASTO;PONEDORA;1;1;1;SACO;1;15/02/2014;1;1;3;17
18;23;5;12/07/2014;;6;455;GASTO;PONARINA SILMACA;1;1;1;SACO;1;12/07/2014;1;1;3;18
19;23;5;15/02/2014;;2;340;GASTO;PONEDORA;1;1;1;SACO;1;15/02/2014;1;1;3;19
20;23;5;05/08/2014;;2;495;GASTO;PONEDORA MERSAN;1;1;1;SACO;1;05/08/2014;1;1;3;20
21;23;5;11/03/2014;;4;360;GASTO;PONEDORA;1;1;1;SACO;1;11/03/2014;1;1;3;21
22;23;5;11/04/2014;;60;352;GASTO;PONEDORA SUPER ESE;1;1;1;SACO;1;11/04/2014;1;1;3;22
23;23;5;06/09/2014;;7;498;GASTO;ponedora;1;1;1;SACO;1;06/09/2014;1;1;3;23
24;22;5;25/01/2014;;1;395;GASTO;INICIADOR;1;1;1;SACO;1;25/01/2014;1;1;3;24
25;22;5;23/02/2014;;10;340;GASTO;PONEDORA;1;1;1;SACO;1;23/02/2014;1;1;3;25
26;22;5;05/02/2014;;7;371;GASTO;INICIADOR;1;1;1;SACO;1;05/02/2014;1;1;3;26
27;23;5;23/01/2014;;2;352;GASTO;PONEDORA ESPECIAL;1;1;1;SACO;1;23/01/2014;1;1;3;27
28;23;5;14/03/2014;;10;360;GASTO;PONEDORA;1;1;1;SACO;1;14/03/2014;1;1;3;28
29;23;5;28/02/2014;;1;360;GASTO;PONEDORA;1;1;1;SACO;1;28/02/2014;1;1;3;29
30;23;5;15/02/2014;;2;340;GASTO;PONEDORA;1;1;1;SACO;1;15/02/2014;1;1;3;30
31;23;5;19/01/2014;;2;352;GASTO;SACO DE PONEDORA;1;1;1;SACO;1;19/01/2014;1;1;3;31
32;23;5;01/01/2014;;4;350;GASTO;PONEDORA;1;1;1;SACO;1;01/01/2014;1;1;3;32
33;23;5;30/03/2014;;10;395;GASTO;PONEDORA PROTINAL;1;1;1;SACO;1;30/03/2014;1;1;3;33
34;23;5;06/09/2014;;47;492;GASTO;ponedora;1;1;1;SACO;1;06/09/2014;1;1;3;34
35;23;5;21/12/2013;;6;370;GASTO;ALIMENTO PARA PONEDORA;1;1;1;UND;1;21/12/2013;1;1;3;35
36;23;5;26/01/2014;;4;352;GASTO;SACO DE PONEDORA;1;1;1;SACO;1;26/01/2014;1;1;3;36
37;23;5;20/07/2014;;8;500;GASTO;PONARINA SILMACA;1;1;1;SACO;1;20/07/2014;1;1;3;37
38;23;5;16/03/2014;;12;395;GASTO;PONEDORA PROTINAL;1;1;1;SACO;1;16/03/2014;1;1;3;38
39;22;5;19/01/2014;;4;394;GASTO;INICIADOR;1;1;1;SACO;1;19/01/2014;1;1;3;39
40;23;5;07/06/2014;;50;405;GASTO;PONEDORA;1;1;1;SACO;1;07/06/2014;1;1;3;40
41;23;5;21/05/2014;;3;450;GASTO;PONEDORA SIMALCA;1;1;1;SACO;1;21/05/2014;1;1;3;41
42;23;5;15/02/2014;;2;385;GASTO;PONEDORA;1;1;1;SACO;1;15/02/2014;1;1;3;42
43;23;5;16/03/2014;;10;350;GASTO;PONEDORA;1;1;1;SACO;1;16/03/2014;1;1;3;43
44;23;5;17/07/2014;;6;450;GASTO;PONARINA;1;1;1;SACO;1;17/07/2014;1;1;3;44
45;23;5;08/01/2014;;5;352;GASTO;ALIMENTO;1;1;1;SACO;1;08/01/2014;1;1;3;45
46;23;5;06/06/2014;;1;490;GASTO;PONEDORA;1;1;1;SACO;1;06/06/2014;1;1;3;46
47;23;5;05/06/2014;;4;410;GASTO;PONEDORA;1;1;1;SACO;1;05/06/2014;1;1;3;47
48;23;5;05/04/2014;;10;420;GASTO;PONEDORA ALCONCA;1;1;1;SACO;1;05/04/2014;1;1;3;48
49;23;5;29/01/2014;;10;322;GASTO;PONEDORA ESPECIAL;1;1;1;SACO;1;29/01/2014;1;1;3;49
50;23;5;28/02/2014;;1;430;GASTO;PONEDORA;1;1;1;SACO;1;28/02/2014;1;1;3;50
51;13;5;02/02/2014;;5;1;GASTO;ANZUELA PEQUENO CALIBRE 9;1;1;1;UND;1;02/02/2014;1;1;4;51
52;1;5;05/07/2014;;1;2415;GASTO;silla de trabajo;1;1;1;UND;1;05/07/2014;1;1;5;52
53;7;5;08/08/2014;;1;4800;GASTO;SILLA DE TRABAJO DE CUERO SEMIAPERADA;1;1;1;UND;1;08/08/2014;1;1;5;53
54;2;5;21/08/2014;;1;3300;GASTO;ARRANQUE (ENCAMISADO Y REP.);1;1;1;UND;1;21/08/2014;1;1;6;54
55;2;5;13/05/2014;;1;1500;GASTO;PUENTE CENTRAL MITSUBISHI FUSO 444;1;1;1;UND;1;13/05/2014;1;1;6;55
56;2;5;28/09/2014;;1;12000;GASTO;INYECTORES;1;1;1;UND;1;28/09/2014;1;1;6;56
57;2;5;15/08/2014;;1;2600;GASTO;FILTROS, PEGA, SILICON Y OTROS;1;1;1;UND;1;15/08/2014;1;1;6;57
58;2;5;15/08/2014;;1;6000;GASTO;ANILLOS;1;1;1;UND;1;15/08/2014;1;1;6;58
59;2;5;08/05/2014;;1;450;GASTO;ANILLO PARA CONEXION ESCAP-TURBO;1;1;1;UND;1;08/05/2014;1;1;6;59
60;2;5;06/05/2014;;1;404;GASTO;BROCA DE 8 MM Y 2 TORNILLO PARA EL TURBO;1;1;1;UND;1;06/05/2014;1;1;6;60
61;3;5;31/12/2013;;1;1585;GASTO;CAMIONETA (CAUCHO);1;1;1;UND;1;31/12/2013;1;1;6;61
62;2;5;08/05/2014;;1;130;GASTO;FILTRO COMBUSTIIBLE 33399;1;1;1;UND;1;08/05/2014;1;1;6;62
63;2;5;15/08/2014;;1;9200;GASTO;EMPACADURA;1;1;1;UND;1;15/08/2014;1;1;6;63
64;2;5;15/08/2014;;1;2520;GASTO;KIT DE AXIALES;1;1;1;UND;1;15/08/2014;1;1;6;64
65;2;5;15/08/2014;;1;15200;GASTO;BOMBA DE ACEITA Y CONCHA DE VIELA;1;1;1;UND;1;15/08/2014;1;1;6;65
66;2;5;28/09/2014;;1;650;GASTO;CORNETAS (PITO) PARA EL CAMION;1;1;1;UND;1;28/09/2014;1;1;6;66
67;2;5;13/05/2014;;2;500;GASTO;MICAS DELANTERAS;1;1;1;UND;1;13/05/2014;1;1;6;67
68;2;5;15/08/2014;;1;3800;GASTO;CONCHA DE BANCADA;1;1;1;UND;1;15/08/2014;1;1;6;68
69;3;5;28/01/2014;;1;1350;GASTO;BOM D AGUA +ESTOPERA + ACEIT;1;1;1;UND;1;28/01/2014;1;1;6;69
70;2;5;13/05/2014;;2;300;GASTO;MANGUERA DE FRENO LARGAS;1;1;1;UND;1;13/05/2014;1;1;6;70
71;2;5;29/05/2014;;1;25;GASTO;BOMBILLO DE DOS PUNTOS;1;1;1;UND;1;29/05/2014;1;1;6;71
72;2;5;13/05/2014;;1;100;GASTO;FLAT PARA LUCES DE CRUCES;1;1;1;UND;1;13/05/2014;1;1;6;72
73;2;5;15/08/2014;;1;28000;GASTO;CIGUENAL;1;1;1;UND;1;15/08/2014;1;1;6;73
74;2;5;05/05/2014;;1;31360;GASTO;TURBO TD05;1;1;1;UND;1;05/05/2014;1;1;6;74
75;2;5;05/05/2014;;1;788;GASTO;FILTRO DE AIRE;1;1;1;UND;1;05/05/2014;1;1;6;75
76;2;5;08/05/2014;;1;243;GASTO;FILTRO COMBUSTIIBLE 33281;1;1;1;UND;1;08/05/2014;1;1;6;76
77;2;5;05/05/2014;;1;400;GASTO;FILTRO PRIMARIO Y SEC DE CAMION;1;1;1;UND;1;05/05/2014;1;1;6;77
78;21;5;19/01/2014;;10;16;GASTO;SACO DE CONCHA DE ARROZ;1;1;1;SACO;1;19/01/2014;1;1;7;78
79;7;5;15/07/2014;;1;480;GASTO;CINCHA +VENENO DE RATO;1;1;1;UND;1;15/07/2014;1;1;7;79
80;19;5;01/12/2013;;15;16;GASTO;CONCHA DE ARROZ;1;1;1;SACO;1;01/12/2013;1;1;7;80
81;2;5;08/05/2014;;2;115;GASTO;MECATE PARA AMARRE CAMION;1;1;1;KG;1;08/05/2014;1;1;7;81
82;22;5;21/01/2014;;1;230;GASTO;CORTA UNA PROFESIONAL (DESPIQUE);1;1;1;UND;1;21/01/2014;1;1;7;82
83;21;5;02/02/2014;;20;20;GASTO;CONCHA DE ARROZ;1;1;1;SACO;1;02/02/2014;1;1;7;83
84;21;5;19/01/2014;;10;16;GASTO;SACO DE CONCHA DE ARROZ;1;1;1;SACO;1;19/01/2014;1;1;8;84
85;7;5;15/07/2014;;1;480;GASTO;CINCHA +VENENO DE RATO;1;1;1;UND;1;15/07/2014;1;1;8;85
86;19;5;01/12/2013;;15;16;GASTO;CONCHA DE ARROZ;1;1;1;SACO;1;01/12/2013;1;1;8;86
87;2;5;08/05/2014;;2;115;GASTO;MECATE PARA AMARRE CAMION;1;1;1;KG;1;08/05/2014;1;1;8;87
88;22;5;21/01/2014;;1;230;GASTO;CORTA UNA PROFESIONAL (DESPIQUE);1;1;1;UND;1;21/01/2014;1;1;8;88
89;21;5;02/02/2014;;20;20;GASTO;CONCHA DE ARROZ;1;1;1;SACO;1;02/02/2014;1;1;8;89
90;11;5;23/02/2014;;45;70;GASTO;BEBEDERO TIPO COPA;1;1;1;UND;1;23/02/2014;1;1;9;90
91;11;5;22/02/2014;;50;60;GASTO;BEBEDERO TIPO COPA;1;1;1;UND;1;22/02/2014;1;1;9;91
92;17;5;04/10/2014;;1;320;GASTO;desayuno + almuerzo;1;1;1;UND;1;04/10/2014;1;1;10;92
93;17;5;05/10/2014;;2;300;GASTO;PAGO DOS PERSONAS;1;1;1;UND;1;05/10/2014;1;1;10;93
94;17;5;28/09/2014;;1;200;GASTO;COMIDA;1;1;1;UND;1;28/09/2014;1;1;10;94
95;17;5;05/10/2014;;3;150;GASTO;PAGO JOSE;1;1;1;UND;1;05/10/2014;1;1;10;95
96;16;5;09/08/2014;;1;250;GASTO;desayuno;1;1;1;UND;1;09/08/2014;1;1;10;96
97;17;5;28/09/2014;;3;300;GASTO;MATANZA TRES PERSONAS;1;1;1;UND;1;28/09/2014;1;1;10;97
98;16;5;09/08/2014;;1;300;GASTO;ALMUERZO ;1;1;1;UND;1;09/08/2014;1;1;10;98
99;17;5;04/10/2014;;3;300;GASTO;mano de obra;1;1;1;UND;1;04/10/2014;1;1;10;99
100;17;5;05/10/2014;;3;150;GASTO;PAGO RAULI;1;1;1;UND;1;05/10/2014;1;1;10;100
101;18;5;18/04/2014;;1;400;GASTO;BONO A JOSE MATANZA POR 2 1/2 DIAS;1;1;1;UND;1;18/04/2014;1;1;10;101
102;18;5;05/04/2014;;3;300;GASTO;MATANZA;1;1;1;UND;1;05/04/2014;1;1;10;102
103;16;5;09/08/2014;;1;300;GASTO;matanza una persona;1;1;1;UND;1;09/08/2014;1;1;10;103
104;18;5;06/04/2014;;3;300;GASTO;MATANZA;1;1;1;UND;1;06/04/2014;1;1;10;104
105;15;5;24/06/2014;;3;300;GASTO;MATANZA DE 320 POLLAS (3 PERSOANAS);1;1;1;UND;1;24/06/2014;1;1;10;105
106;18;5;06/04/2014;;1;220;GASTO;DESAYUNO ;1;1;1;UND;1;06/04/2014;1;1;10;106
107;18;5;13/04/2014;;3;300;GASTO;TRABAJADORES;1;1;1;UND;1;13/04/2014;1;1;10;107
108;18;5;13/04/2014;;1;300;GASTO;DESAYUNO ;1;1;1;UND;1;13/04/2014;1;1;10;108
109;19;5;04/01/2014;;1;100;GASTO;MATANZA ALMUERZO (GLADIMAR);1;1;1;UND;1;04/01/2014;1;1;10;109
110;19;5;11/01/2014;;2;250;GASTO;MATANZA (DOS PERSONAS);1;1;1;UND;1;11/01/2014;1;1;10;110
111;19;5;04/01/2014;;1;100;GASTO;MATANZA ALMUERZO (MIRIAN);1;1;1;UND;1;04/01/2014;1;1;10;111
112;18;5;05/04/2014;;1;220;GASTO;COMIDA DESAYUNO;1;1;1;UND;1;05/04/2014;1;1;10;112
113;15;5;29/06/2014;;1;180;GASTO;PANELA DE HIELO;1;1;1;UND;1;29/06/2014;1;1;10;113
114;19;5;16/01/2014;;1;150;GASTO;DESAYUNO ALMUERSO;1;1;1;UND;1;16/01/2014;1;1;10;114
115;19;5;04/01/2014;;1;150;GASTO;MATANZA DESAYUNO ;1;1;1;UND;1;04/01/2014;1;1;10;115
116;14;5;24/05/2014;;1;250;GASTO;COMIDA MATANZA DESAYUNO;1;1;1;UND;1;24/05/2014;1;1;10;116
117;14;5;18/05/2014;;2;300;GASTO;PAGO OBREROS;1;1;1;UND;1;18/05/2014;1;1;10;117
118;14;5;18/05/2014;;1;300;GASTO;COMIDA MATANZA;1;1;1;UND;1;18/05/2014;1;1;10;118
119;14;5;24/05/2014;;3;300;GASTO;PAGO OBREROS;1;1;1;UND;1;24/05/2014;1;1;10;119
120;14;5;24/05/2014;;1;300;GASTO;COMIDA;1;1;1;UND;1;24/05/2014;1;1;10;120
121;14;5;17/05/2014;;1;250;GASTO;COMIDA MATANZA ALMUERZO;1;1;1;UND;1;17/05/2014;1;1;10;121
122;14;5;17/05/2014;;1;200;GASTO;COMIDA MATANZA DESAYUNO;1;1;1;UND;1;17/05/2014;1;1;10;122
123;14;5;17/05/2014;;3;300;GASTO;PERSONAL;1;1;1;UND;1;17/05/2014;1;1;10;123
124;15;5;24/06/2014;;1;280;GASTO;DESAYUNO PARA 6 PERSONAS;1;1;1;UND;1;24/06/2014;1;1;10;124
125;15;5;24/06/2014;;1;356;GASTO;ALMUERZO PARA 6 PERSONAS;1;1;1;UND;1;24/06/2014;1;1;10;125
126;16;5;16/08/2014;;1;900;GASTO;wicho y jose y rauly;1;1;1;UND;1;16/08/2014;1;1;10;126
127;15;5;02/07/2014;;1;500;GASTO;MATANZA DE POLLO JOSE;1;1;1;UND;1;02/07/2014;1;1;10;127
128;15;5;02/07/2014;;1;500;GASTO;MATANZA DE POLLOS PRIMO JOSE;1;1;1;UND;1;02/07/2014;1;1;10;128
129;15;5;29/06/2014;;1;200;GASTO;DESAYUNO;1;1;1;UND;1;29/06/2014;1;1;10;129
130;15;5;29/06/2014;;2;300;GASTO;MATANZA 2 PERSONAS;1;1;1;UND;1;29/06/2014;1;1;10;130
131;15;5;21/06/2014;;1;200;GASTO;ALMUERZO PARA 6 PERSONAS;1;1;1;UND;1;21/06/2014;1;1;10;131
132;15;5;07/07/2014;;1;200;GASTO;MANO DE OBRA VICTOR PADRE;1;1;1;UND;1;07/07/2014;1;1;10;132
133;16;5;02/08/2014;;1;200;GASTO;MATANZA DESAYUNO;1;1;1;UND;1;02/08/2014;1;1;10;133
134;16;5;26/07/2014;;2;300;GASTO;MATANZA WICHO Y CHAMO;1;1;1;UND;1;26/07/2014;1;1;10;134
135;16;5;02/08/2014;;2;300;GASTO;MATANZA WICHO Y CHAMO;1;1;1;UND;1;02/08/2014;1;1;10;135
136;16;5;02/08/2014;;1;500;GASTO;MATANZA PRIMO JOSE;1;1;1;UND;1;02/08/2014;1;1;10;136
137;16;5;02/08/2014;;1;200;GASTO;MATANZA COMIDA;1;1;1;UND;1;02/08/2014;1;1;10;137
138;15;5;24/06/2014;;8;40;GASTO;DEDOS PARA LA PELADORA DE POLLOS;1;1;1;UND;1;24/06/2014;1;1;10;138
139;21;5;08/03/2014;;1;80;GASTO;WICHO CIGARRO;1;1;1;UND;1;08/03/2014;1;1;10;139
140;20;5;14/12/2013;;1;250;GASTO;PAGO WICHO MATANZA;1;1;1;UND;1;14/12/2013;1;1;10;140
141;20;5;14/12/2013;;1;250;GASTO;PAGO PRIMO WICHO MATANZA;1;1;1;UND;1;14/12/2013;1;1;10;141
142;20;5;15/12/2013;;1;400;GASTO;ORANGEL - MATANZA POLLOS;1;1;1;UND;1;15/12/2013;1;1;10;142
143;19;5;04/01/2014;;3;250;GASTO;MATANZA (3 PERSONAS);1;1;1;UND;1;04/01/2014;1;1;10;143
144;20;5;15/12/2013;;1;400;GASTO;PEDRO - MATANZA POLLOS;1;1;1;UND;1;15/12/2013;1;1;10;144
145;20;5;07/12/2013;;1;380;GASTO;MATANZA( WICHO);1;1;1;UND;1;07/12/2013;1;1;10;145
146;21;5;16/03/2014;;3;300;GASTO;MATANZA;1;1;1;UND;1;16/03/2014;1;1;10;146
147;21;5;08/03/2014;;1;184;GASTO;COMIDA MATANZA;1;1;1;UND;1;08/03/2014;1;1;10;147
148;21;5;16/03/2014;;1;155;GASTO;COMIDA MATANZA (DESAYUNO);1;1;1;UND;1;16/03/2014;1;1;10;148
149;19;5;16/01/2014;;1;250;GASTO;DIA DE TRABAJO WICHO;1;1;1;UND;1;16/01/2014;1;1;10;149
150;21;5;16/03/2014;;1;450;GASTO;BONO A JOSE MATANZA;1;1;1;UND;1;16/03/2014;1;1;10;150
151;21;5;16/03/2014;;1;210;GASTO;COMIDA MATANZA (ALMUERZO);1;1;1;UND;1;16/03/2014;1;1;10;151
152;21;5;15/03/2014;;3;300;GASTO;MATANZA;1;1;1;UND;1;15/03/2014;1;1;10;152
153;14;5;04/06/2014;;1;500;GASTO;MATANZA DE POLLO A JOSE;1;1;1;UND;1;04/06/2014;1;1;10;153
154;19;5;11/01/2014;;1;180;GASTO;MATANZA DESAYUNO;1;1;1;UND;1;11/01/2014;1;1;10;154
155;21;5;08/03/2014;;3;300;GASTO;MATANZA;1;1;1;UND;1;08/03/2014;1;1;10;155
156;23;5;17/08/2014;;1;300;GASTO;MATANZA DE GALLINAS (COMIDA);1;1;1;UND;1;17/08/2014;1;1;10;156
157;21;5;15/03/2014;;1;180;GASTO;COMIDA MATANZA (DESAYUNO);1;1;1;UND;1;15/03/2014;1;1;10;157
158;20;5;07/12/2013;;5;60;GASTO;BOLSAS PLASTICAS;1;1;1;BOLSAS;1;07/12/2013;1;1;11;158
159;16;5;02/08/2014;;4;60;GASTO;BOLSAS;1;1;1;UND;1;02/08/2014;1;1;11;159
160;17;5;06/09/2014;;2;760;GASTO;bolsas 30 * 40;1;1;1;MILLAR;1;06/09/2014;1;1;11;160
161;16;5;09/08/2014;;10;25;GASTO;dedos;1;1;1;UND;1;09/08/2014;1;1;11;161
162;16;5;26/07/2014;;2;90;GASTO;BOLSAS;1;1;1;UND;1;26/07/2014;1;1;11;162
163;16;5;05/08/2014;;5;110;GASTO;BOLSAS DE 15 KG CON ASA;1;1;1;CENTENAR;1;05/08/2014;1;1;11;163
164;16;5;05/08/2014;;2;545;GASTO;BOLSAS DE 3 KG SIN ASA;1;1;1;MILLAR;1;05/08/2014;1;1;11;164
165;19;5;19/01/2014;;1;105;GASTO;PAQUETE DE BOLSA;1;1;1;UND;1;19/01/2014;1;1;11;165
166;21;5;16/03/2014;;4;80;GASTO;400 BOLSAS;1;1;1;UND;1;16/03/2014;1;1;11;166
167;20;5;15/12/2013;;100;1;GASTO;BOLSA DE 10KG;1;1;1;UND;1;15/12/2013;1;1;11;167
168;15;5;13/06/2014;;3;76;GASTO;BOLSAS DE 10 KG CON ASA;1;1;1;CENTENAR;1;13/06/2014;1;1;11;168
169;21;5;15/03/2014;;5;68;GASTO;500 BOLSAS;1;1;1;UND;1;15/03/2014;1;1;11;169
170;14;5;15/04/2014;;20;35;GASTO;BOLSAS DE 100 UNIDADES DE 3KG;1;1;1;UND;1;15/04/2014;1;1;11;170
171;14;5;15/04/2014;;2;110;GASTO;BOLSAS DE 100 UNIDADES DE 15KG;1;1;1;UND;1;15/04/2014;1;1;11;171
172;15;5;13/06/2014;;2;350;GASTO;BOLSAS DE 3 KG SIN ASA;1;1;1;MILLAR;1;13/06/2014;1;1;11;172
173;18;5;20/03/2014;;10;35;GASTO;BOLSAS DE 3 KG SIN ASA;1;1;1;UND;1;20/03/2014;1;1;11;173
174;18;5;20/03/2014;;10;35;GASTO;BOLSAS DE 3 KG CON ASA;1;1;1;UND;1;20/03/2014;1;1;11;174
175;19;5;17/12/2013;;2;360;GASTO;BOLSA DE 3KG 30x40 (2000 unidades);1;1;1;UND;1;17/12/2013;1;1;11;175
176;20;5;13/12/2013;;15;37;GASTO;BOLSAS PLASTICAS 1500 UNIDADES;1;1;1;BOLSAS;1;13/12/2013;1;1;11;176
177;7;5;24/04/2014;;1;10;GASTO;BOMBONA DE GAS MEDIANA;1;1;1;UND;1;24/04/2014;1;1;12;177
178;16;5;19/06/2014;;1;100;GASTO;GAS ;1;1;1;UND;1;19/06/2014;1;1;12;178
179;7;5;26/07/2014;;1;20;GASTO;BOMBONA DE GAS MEDIANA;1;1;1;UND;1;26/07/2014;1;1;12;179
180;1;5;15/06/2014;;1;2500;GASTO;COMPRA DE CABALLO;1;1;1;UND;1;15/06/2014;1;1;13;180
181;18;5;21/02/2014;;1;170;GASTO;CALETEO ALIMENTO;1;1;1;UND;1;21/02/2014;1;1;14;181
182;7;5;05/12/2013;;1;300;GASTO;REPARACION CARRETILLA;1;1;1;UND;1;05/12/2013;1;1;15;182
183;7;5;19/06/2014;;1;1147;GASTO;RUEDA NEUMATICA DE CARRETILLA;1;1;1;UND;1;19/06/2014;1;1;15;183
184;6;5;30/07/2013;;10;600;GASTO;COCHINOS BEBE;1;1;1;UND;1;30/07/2013;1;1;16;184
185;6;5;18/10/2013;;7;333;GASTO;CERDO CRECIMIE;1;1;1;SACO;1;18/10/2013;1;1;17;185
186;6;5;03/01/2014;;1;340;GASTO;ALIMENTO DE DESARROLLO;1;1;1;SACO;1;03/01/2014;1;1;17;186
187;6;5;15/08/2014;;5;450;GASTO;CERDO;1;1;1;SACO;1;15/08/2014;1;1;17;187
188;6;5;16/11/2013;;1;360;GASTO;ALIMENTO DE DESARROLLO (SS);1;1;1;SACO;1;16/11/2013;1;1;17;188
189;6;5;31/08/2014;;1;676;GASTO;INICIADOR COCHINO Y HIERRO;1;1;1;SACO;1;31/08/2014;1;1;17;189
190;6;5;06/12/2013;;1;293;GASTO;DESARROLLO;1;1;1;SACO;1;06/12/2013;1;1;17;190
191;6;5;17/11/2013;;3;355;GASTO;ALIMENTO JAMONINA;1;1;1;SACO;1;17/11/2013;1;1;17;191
192;6;5;12/10/2014;;2;610;GASTO;DESARROLLO;1;1;1;SACO;1;12/10/2014;1;1;17;192
193;6;5;04/10/2014;;1;580;GASTO;CERDO desarrollo;1;1;1;SACO;1;04/10/2014;1;1;17;193
194;6;5;30/03/2014;;1;400;GASTO;DESARROLLO;1;1;1;SACO;1;30/03/2014;1;1;17;194
195;6;5;06/09/2014;;1;580;GASTO;CERDO PURO LOMO;1;1;1;SACO;1;06/09/2014;1;1;17;195
196;6;5;22/12/2013;;1;350;GASTO;DESARROLLO;1;1;1;SACO;1;22/12/2013;1;1;17;196
197;6;5;15/12/2013;;1;380;GASTO;DESARROLLO NEGRO;1;1;1;SACO;1;15/12/2013;1;1;17;197
198;6;5;14/09/2014;;5;620;GASTO;CERDO PURO LOMO;1;1;1;SACO;1;14/09/2014;1;1;17;198
199;6;5;28/09/2014;;2;600;GASTO;CERDO;1;1;1;SACO;1;28/09/2014;1;1;17;199
200;6;5;15/12/2013;;1;355;GASTO;JAMONIN IMPULSO;1;1;1;SACO;1;15/12/2013;1;1;17;200
201;6;5;31/07/2013;;1;4330;GASTO;ALIMENTO ANTES 14 DE SEPTIEMBRE;1;1;1;UND;1;31/07/2013;1;1;18;201
202;6;5;01/08/2013;;12;330;GASTO;ALIMENTO ;1;1;1;UND;1;01/08/2013;1;1;18;202
203;6;5;19/01/2014;;1;355;GASTO;SACO DE ENGORDE;1;1;1;SACO;1;19/01/2014;1;1;18;203
204;6;5;29/01/2014;;10;224;GASTO;CERDO (ENGORDE);1;1;1;SACO;1;29/01/2014;1;1;18;204
205;6;5;11/04/2014;;15;260;GASTO;CERDO ENGORDE SUPER ESE;1;1;1;SACO;1;11/04/2014;1;1;18;205
206;6;5;16/11/2013;;2;260;GASTO;ALIMENTO DE ENGORDE;1;1;1;SACO;1;16/11/2013;1;1;18;206
207;6;5;03/11/2013;;5;346;GASTO;ALIMENTO JAMONINA;1;1;1;UND;1;03/11/2013;1;1;18;207
208;6;5;02/08/2013;;7;336;GASTO;ALIMENTO ;1;1;1;UND;1;02/08/2013;1;1;18;208
209;6;5;14/03/2014;;1;270;GASTO;MANTENIMIENTO;1;1;1;SACO;1;14/03/2014;1;1;19;209
210;6;5;22/12/2013;;2;350;GASTO;MANTENIMIENTO;1;1;1;SACO;1;22/12/2013;1;1;19;210
211;6;5;04/10/2014;;1;410;GASTO;CERDO mtto;1;1;1;SACO;1;04/10/2014;1;1;19;211
212;6;5;06/12/2013;;1;256;GASTO;CERDO TRIPLE (MANTENIMIENTO);1;1;1;SACO;1;06/12/2013;1;1;19;212
213;6;5;31/08/2014;;1;495;GASTO;1 SACO MTTO COCHINO Y SACO DE SAL ROJA;1;1;1;SACO;1;31/08/2014;1;1;19;213
214;6;5;28/01/2014;;1;290;GASTO;CERDO;1;1;1;SACO;1;28/01/2014;1;1;19;214
215;6;5;03/01/2014;;1;280;GASTO;ALIMENTO DE MANTENIMIENTO;1;1;1;SACO;1;03/01/2014;1;1;19;215
216;6;5;28/06/2014;;3;300;GASTO;MATENIMIENTO MERSAN;1;1;1;SACO;1;28/06/2014;1;1;19;216
217;6;5;09/08/2014;;1;350;GASTO;CERDO;1;1;1;SACO;1;09/08/2014;1;1;19;217
218;6;5;16/03/2014;;1;270;GASTO;MANTENIMIENTO;1;1;1;SACO;1;16/03/2014;1;1;19;218
219;6;5;08/01/2014;;1;205;GASTO;ALIMENTO DE MANTENIMIENTO;1;1;1;SACO;1;08/01/2014;1;1;19;219
220;6;5;28/01/2014;;1;340;GASTO;CERDO;1;1;1;SACO;1;28/01/2014;1;1;19;220
221;6;5;12/10/2014;;2;405;GASTO;MANTENIMIETO;1;1;1;SACO;1;12/10/2014;1;1;19;221
222;6;5;06/06/2014;;4;300;GASTO;MATENIMIENTO MERSAN;1;1;1;SACO;1;06/06/2014;1;1;19;222
223;6;5;06/09/2014;;4;270;GASTO;CERDO;1;1;1;SACO;1;06/09/2014;1;1;19;223
224;7;5;11/12/2013;;1;349;GASTO;CHICURA+CABO;1;1;1;UND;1;11/12/2013;1;1;20;224
225;23;5;29/05/2014;;1;55;GASTO;PERCLORURO ( CICATRIZANTE);1;1;1;UND;1;29/05/2014;1;1;21;225
226;12;5;28/02/2014;;1;1229;GASTO;COMIDA PARA JOSE ;1;1;1;UND;1;28/02/2014;1;1;22;226
227;12;5;21/04/2014;;1;1500;GASTO;COMIDA ABRIL;1;1;1;UND;1;21/04/2014;1;1;22;227
228;12;5;07/12/2013;;1;180;GASTO;COMIDA SRA MIRIAN PESCADO;1;1;1;UND;1;07/12/2013;1;1;22;228
229;12;5;14/02/2014;;1;300;GASTO;COMIDA PARA JOSE ;1;1;1;UND;1;14/02/2014;1;1;22;229
230;12;5;17/08/2014;;1;820;GASTO;comida;1;1;1;;1;17/08/2014;1;1;22;230
231;12;5;28/08/2014;;1;320;GASTO;MERCADO;1;1;1;UND;1;28/08/2014;1;1;22;231
232;12;5;03/05/2014;;1;1000;GASTO;COMIDA;1;1;1;UND;1;03/05/2014;1;1;22;232
233;12;5;31/08/2014;;1;60;GASTO;SEIS ARROZ;1;1;1;UND;1;31/08/2014;1;1;22;233
234;12;5;31/08/2014;;1;1770;GASTO;COMIDA;1;1;1;UND;1;31/08/2014;1;1;22;234
235;12;5;28/08/2014;;1;30;GASTO;MANTEQUILLA;1;1;1;UND;1;28/08/2014;1;1;22;235
236;12;5;28/08/2014;;1;30;GASTO;JABON;1;1;1;UND;1;28/08/2014;1;1;22;236
237;12;5;28/09/2014;;1;695;GASTO;COMIDA;1;1;1;UND;1;28/09/2014;1;1;22;237
238;12;5;28/08/2014;;1;70;GASTO;MAYONESA;1;1;1;UND;1;28/08/2014;1;1;22;238
239;12;5;28/08/2014;;1;650;GASTO;MERCADO;1;1;1;UND;1;28/08/2014;1;1;22;239
240;12;5;28/08/2014;;1;150;GASTO;MERCADO;1;1;1;UND;1;28/08/2014;1;1;22;240
241;12;5;29/06/2014;;1;200;GASTO;mercado para jose ;1;1;1;UND;1;29/06/2014;1;1;22;241
242;12;5;22/06/2014;;1;30;GASTO;AZUCAR ;1;1;1;UND;1;22/06/2014;1;1;22;242
243;12;5;25/01/2014;;1;40;GASTO;ACEITE DE SOYA DE UN LITRO;1;1;1;UND;1;25/01/2014;1;1;22;243
244;12;5;30/11/2013;;1;120;GASTO;BONO ALIMENTICIO;1;1;1;UND;1;30/11/2013;1;1;22;244
245;12;5;30/11/2013;;1;1467;GASTO;BONO ALIMENTICIO;1;1;1;UND;1;30/11/2013;1;1;22;245
246;12;5;19/02/2014;;1;50;GASTO;DOS TORTAS DE CASABE;1;1;1;UND;1;19/02/2014;1;1;22;246
247;12;5;28/08/2014;;1;25;GASTO;PAPEL HIGIENICO;1;1;1;UND;1;28/08/2014;1;1;22;247
248;12;5;04/01/2014;;1;20;GASTO;CAFÉ PARA ORANGEL ;1;1;1;UND;1;04/01/2014;1;1;22;248
249;12;5;05/02/2014;;1;176;GASTO;BOMBILLO +CAFÉ;1;1;1;UND;1;05/02/2014;1;1;22;249
250;12;5;19/09/2014;;1;150;GASTO;aliños;1;1;1;UND;1;19/09/2014;1;1;22;250
251;12;5;01/01/2014;;1;1385;GASTO;COMIDA DEL MES ENERO;1;1;1;UND;1;01/01/2014;1;1;22;251
252;12;5;02/07/2014;;1;370;GASTO;COMIDA 30-6-14;1;1;1;UND;1;02/07/2014;1;1;22;252
253;12;5;02/07/2014;;1;650;GASTO;comida comprada en junio para el mes de julio;1;1;1;UND;1;02/07/2014;1;1;22;253
254;12;5;01/06/2014;;1;30;GASTO;SAL + FOSFORO;1;1;1;UND;1;01/06/2014;1;1;22;254
255;12;5;31/03/2014;;1;10;GASTO;SAL;1;1;1;UND;1;31/03/2014;1;1;22;255
256;12;5;08/01/2014;;3;8;GASTO;PANES;1;1;1;UND;1;08/01/2014;1;1;22;256
257;12;5;16/01/2014;;1;25;GASTO;TORTA DE CASABE;1;1;1;UND;1;16/01/2014;1;1;22;257
258;12;5;28/02/2014;;1;200;GASTO;COMIDA PARA JOSE ;1;1;1;UND;1;28/02/2014;1;1;22;258
259;12;5;04/06/2014;;1;2114;GASTO;COMIDA;1;1;1;UND;1;04/06/2014;1;1;22;259
260;12;5;08/01/2014;;1;25;GASTO;TORTA DE CASABE;1;1;1;UND;1;08/01/2014;1;1;22;260
261;12;5;26/04/2014;;1;800;GASTO;COMIDA;1;1;1;UND;1;26/04/2014;1;1;22;261
262;12;5;15/07/2014;;1;2078;GASTO;COMIDA  ;1;1;1;UND;1;15/07/2014;1;1;22;262
263;12;5;28/08/2014;;1;120;GASTO;DOS ACEITES ;1;1;1;UND;1;28/08/2014;1;1;22;263
264;5;5;19/09/2014;;1;600;GASTO;GRANZA;1;1;1;UND;1;19/09/2014;1;1;23;264
265;5;5;13/06/2014;;200;10;GASTO;BLOQUES;1;1;1;UND;1;13/06/2014;1;1;23;265
266;5;5;21/08/2014;;100;12;GASTO;BLOQUES;1;1;1;UND;1;21/08/2014;1;1;23;266
267;5;5;11/06/2014;;5;60;GASTO;CEMENTO;1;1;1;UND;1;11/06/2014;1;1;23;267
268;5;5;14/06/2014;;1;200;GASTO;DESAYUNO TRABAJO ;1;1;1;UND;1;14/06/2014;1;1;23;268
269;7;5;03/04/2014;;1;560;GASTO;CEMENTO (CUARTO);1;1;1;UND;1;03/04/2014;1;1;23;269
270;21;5;08/01/2014;;1;38;GASTO;CAL;1;1;1;UND;1;08/01/2014;1;1;23;270
271;7;5;19/09/2014;;1;85;GASTO;cal ;1;1;1;UND;1;19/09/2014;1;1;23;271
272;7;5;15/07/2014;;1;740;GASTO;CEMENTO;1;1;1;UND;1;15/07/2014;1;1;23;272
273;7;5;21/12/2013;;10;50;GASTO;CEMENTO;1;1;1;UND;1;21/12/2013;1;1;23;273
274;7;5;03/04/2014;;1;2160;GASTO;BLOQUES (CUARTO);1;1;1;UND;1;03/04/2014;1;1;23;274
275;5;5;19/09/2014;;1;600;GASTO;GRANZA;1;1;1;UND;1;19/09/2014;1;1;24;275
276;5;5;13/06/2014;;200;10;GASTO;BLOQUES;1;1;1;UND;1;13/06/2014;1;1;24;276
277;5;5;21/08/2014;;100;12;GASTO;BLOQUES;1;1;1;UND;1;21/08/2014;1;1;24;277
278;5;5;11/06/2014;;5;60;GASTO;CEMENTO;1;1;1;UND;1;11/06/2014;1;1;24;278
279;5;5;14/06/2014;;1;200;GASTO;DESAYUNO TRABAJO ;1;1;1;UND;1;14/06/2014;1;1;24;279
280;7;5;03/04/2014;;1;560;GASTO;CEMENTO (CUARTO);1;1;1;UND;1;03/04/2014;1;1;24;280
281;21;5;08/01/2014;;1;38;GASTO;CAL;1;1;1;UND;1;08/01/2014;1;1;24;281
282;7;5;19/09/2014;;1;85;GASTO;cal ;1;1;1;UND;1;19/09/2014;1;1;24;282
283;7;5;15/07/2014;;1;740;GASTO;CEMENTO;1;1;1;UND;1;15/07/2014;1;1;24;283
284;7;5;21/12/2013;;10;50;GASTO;CEMENTO;1;1;1;UND;1;21/12/2013;1;1;24;284
285;7;5;03/04/2014;;1;2160;GASTO;BLOQUES (CUARTO);1;1;1;UND;1;03/04/2014;1;1;24;285
286;2;5;01/06/2014;;1;180000;GASTO;PRESTAMO DE KICO PARA COMPRA DE CAMION;1;1;1;UND;1;01/06/2014;1;1;25;286
287;2;5;01/06/2014;;1;109550;GASTO;PAGO DE FINIQUITO A MIGUEL ESPANA;1;1;1;UND;1;01/06/2014;1;1;25;287
288;7;5;28/02/2014;;1;167;GASTO;CUCHILLA DESMALEZADORA;1;1;1;UND;1;28/02/2014;1;1;26;288
289;18;5;05/04/2014;;5;20;GASTO;DEDOS DE DESPLUMADORA;1;1;1;UND;1;05/04/2014;1;1;27;289
290;17;5;28/09/2014;;10;30;GASTO;DEDOS;1;1;1;UND;1;28/09/2014;1;1;27;290
291;14;5;14/04/2014;;10;20;GASTO;DEDOS PARA LA PELADORA DE POLLOS;1;1;1;UND;1;14/04/2014;1;1;27;291
292;20;5;14/12/2013;;1;192;GASTO;DEDOS PARA LA PELADORA DE POLLOS;1;1;1;UND;1;14/12/2013;1;1;27;292
293;7;5;15/12/2013;;1;12;GASTO;ARIEL;1;1;1;UND;1;15/12/2013;1;1;28;293
294;7;5;14/09/2014;;1;800;GASTO;reparacion del baston;1;1;1;UND;1;14/09/2014;1;1;29;294
295;8;5;17/06/2014;;1;350;GASTO;DESPARASITANTE PARA GANADO;1;1;1;UND;1;17/06/2014;1;1;30;295
296;7;5;21/05/2014;;1;50;GASTO;DESPARASITANTE PARA PERRO;1;1;1;UND;1;21/05/2014;1;1;30;296
297;7;5;28/02/2014;;4;20;GASTO;BOMBILLO;1;1;1;UND;1;28/02/2014;1;1;31;297
298;7;5;21/04/2014;;1;260;GASTO;16 BOMBILLOS DE FILAMENTO;1;1;1;UND;1;21/04/2014;1;1;31;298
299;7;5;12/04/2014;;6;16;GASTO;BOMBILLOS;1;1;1;UND;1;12/04/2014;1;1;31;299
300;7;5;02/07/2014;;4;60;GASTO;4 bombillos de 150 watt;1;1;1;UND;1;02/07/2014;1;1;31;300
301;7;5;29/12/2013;;1;56;GASTO;JORGE BOMBILLOS;1;1;1;UND;1;29/12/2013;1;1;31;301
302;7;5;29/12/2013;;1;100;GASTO;SWICTHE;1;1;1;UND;1;29/12/2013;1;1;31;302
303;7;5;19/02/2014;;1;250;GASTO;EXAMEN DE YEGUA;1;1;1;UND;1;19/02/2014;1;1;32;303
304;19;5;12/12/2013;;1;1000;GASTO;FLETE;1;1;1;UND;1;12/12/2013;1;1;33;304
305;16;5;07/06/2014;;1;150;GASTO;ALCABALA;1;1;1;UND;1;07/06/2014;1;1;33;305
306;15;5;09/05/2014;;1;150;GASTO;CALETEO ALIMENTO;1;1;1;UND;1;09/05/2014;1;1;33;306
307;16;5;07/06/2014;;1;500;GASTO;CHOFFER;1;1;1;UND;1;07/06/2014;1;1;33;307
308;15;5;09/05/2014;;1;200;GASTO;ALCABALA;1;1;1;UND;1;09/05/2014;1;1;33;308
309;21;5;29/01/2014;;1;1500;GASTO;FLETE ALIMENTO;1;1;1;UND;1;29/01/2014;1;1;33;309
310;16;5;07/06/2014;;1;800;GASTO;COMIDA DESAYUNO Y ALMUERZO 3 PERSONAS;1;1;1;UND;1;07/06/2014;1;1;33;310
311;1;5;15/06/2014;;1;500;GASTO;TRASLADO DE CABALLO;1;1;1;UND;1;15/06/2014;1;1;33;311
312;15;5;09/05/2014;;1;900;GASTO;COMIDA DESAYUNO Y ALMUERZO 3 PERSONAS;1;1;1;UND;1;09/05/2014;1;1;33;312
313;8;5;16/03/2014;;1;300;GASTO;TRANSPORTE DE MELAZA;1;1;1;UND;1;16/03/2014;1;1;33;313
314;17;5;06/09/2014;;1;2250;GASTO;fleta + matraca + aceeite+ mecate+ comida;1;1;1;UND;1;06/09/2014;1;1;33;314
315;14;5;11/04/2014;;1;1500;GASTO;FLETE ALIMENTO;1;1;1;UND;1;11/04/2014;1;1;33;315
316;14;5;03/05/2014;;2;150;GASTO;COMIDA POR TRANSPORTE DE ENGORDE;1;1;1;KG;1;03/05/2014;1;1;33;316
317;8;5;06/06/2014;;2;375;GASTO;ALIMENTO ENGORDE;1;1;1;SACO;1;06/06/2014;1;1;34;317
318;8;5;06/09/2014;;4;319;GASTO;GANADO ;1;1;1;SACO;1;06/09/2014;1;1;34;318
319;8;5;14/06/2014;;2;390;GASTO;ALIMENTO ENGORDE;1;1;1;SACO;1;14/06/2014;1;1;34;319
320;8;5;31/08/2014;;1;415;GASTO;ENGORDE GANAD0;1;1;1;SACO;1;31/08/2014;1;1;34;320
321;8;5;30/12/2013;;1;270;GASTO;ALIMENTO;1;1;1;SACO;1;30/12/2013;1;1;34;321
322;8;5;23/02/2014;;2;260;GASTO;ALIMENTO ENGORDE;1;1;1;SACO;1;23/02/2014;1;1;34;322
323;9;5;23/11/2013;;1;9900;GASTO;GANADO DE CARNE;1;1;1;UND;1;23/11/2013;1;1;35;323
324;8;5;22/12/2013;;1;65;GASTO;GARRAPATICIDA;1;1;1;UND;1;22/12/2013;1;1;36;324
325;7;5;12/01/2014;;1;529;GASTO;REGALO ( 4 pollos);1;1;1;UND;1;12/01/2014;1;1;37;325
326;7;5;12/10/2014;;1;170;GASTO;"LIMA MOTOSIERRA 5/32"" BV";1;1;1;UND;1;12/10/2014;1;1;38;326
327;7;5;31/03/2014;;15;763;GASTO;ALAMBRE PUAS;1;1;1;UND;1;31/03/2014;1;1;38;327
328;11;5;23/02/2014;;1;60;GASTO;ALAMBRE ;1;1;1;UND;1;23/02/2014;1;1;38;328
329;11;5;21/02/2014;;3;252;GASTO;BARRA CUADRADA DE 5/8;1;1;1;UND;1;21/02/2014;1;1;38;329
330;7;5;21/04/2014;;6;40;GASTO;ALAMBRE LISO;1;1;1;UND;1;21/04/2014;1;1;38;330
331;4;5;21/04/2014;;0,5;60;GASTO;GRAMPAS PARA CERCA;1;1;1;KG;1;21/04/2014;1;1;38;331
332;2;5;06/09/2014;;1;552;GASTO;ELECTRODOS 1/8;1;1;1;UND;1;06/09/2014;1;1;38;332
333;4;5;24/04/2014;;1;43;GASTO;ROLLO DE MECATILLO;1;1;1;UND;1;24/04/2014;1;1;38;333
334;4;5;14/01/2014;;100;40;GASTO;CABILLA 5,2 MM;1;1;1;UND;1;14/01/2014;1;1;38;334
335;4;5;05/02/2014;;50;36;GASTO;CABILLA 5,2 MM;1;1;1;UND;1;05/02/2014;1;1;38;335
336;4;5;10/10/2014;;5;120;GASTO;GRAMPAS PARA CERCA;1;1;1;KG;1;10/10/2014;1;1;38;336
337;4;5;06/05/2014;;4;42;GASTO;ALAMBRE;1;1;1;KG;1;06/05/2014;1;1;38;337
338;4;5;30/04/2014;;2;80;GASTO;GRAMPAS PARA CERCA;1;1;1;KG;1;30/04/2014;1;1;38;338
339;7;5;18/07/2014;;1;200;GASTO;"LIMA MOTOSIERRA 5/32"" BV";1;1;1;UND;1;18/07/2014;1;1;38;339
340;4;5;21/01/2014;;3;55;GASTO;ROLLOS DE ALAMBRE;1;1;1;UND;1;21/01/2014;1;1;38;340
341;5;5;25/01/2014;;1;229;GASTO;"DISCO DE CORTE 14""";1;1;1;UND;1;25/01/2014;1;1;38;341
342;5;5;25/01/2014;;6;305;GASTO;TUBULARES 2x1;1;1;1;UND;1;25/01/2014;1;1;38;342
343;5;5;24/01/2014;;1;6475;GASTO;LAMINAS + GANCHOS;1;1;1;UND;1;24/01/2014;1;1;38;343
344;5;5;25/01/2014;;3;172;GASTO;ELECTRODOS 1/8;1;1;1;KG;1;25/01/2014;1;1;38;344
345;7;5;31/12/2013;;1;11273;GASTO;TECHO AREA SOCIAL DE LA FINCA;1;1;1;UND;1;31/12/2013;1;1;38;345
346;7;5;08/01/2014;;1;42;GASTO;ALAMBRE;1;1;1;UND;1;08/01/2014;1;1;38;346
347;7;5;12/10/2014;;1;170;GASTO;"LIMA MOTOSIERRA 5/32"" BV";1;1;1;UND;1;12/10/2014;1;1;39;347
348;7;5;31/03/2014;;15;763;GASTO;ALAMBRE PUAS;1;1;1;UND;1;31/03/2014;1;1;39;348
349;11;5;23/02/2014;;1;60;GASTO;ALAMBRE ;1;1;1;UND;1;23/02/2014;1;1;39;349
350;11;5;21/02/2014;;3;252;GASTO;BARRA CUADRADA DE 5/8;1;1;1;UND;1;21/02/2014;1;1;39;350
351;7;5;21/04/2014;;6;40;GASTO;ALAMBRE LISO;1;1;1;UND;1;21/04/2014;1;1;39;351
352;4;5;21/04/2014;;0,5;60;GASTO;GRAMPAS PARA CERCA;1;1;1;KG;1;21/04/2014;1;1;39;352
353;2;5;06/09/2014;;1;552;GASTO;ELECTRODOS 1/8;1;1;1;UND;1;06/09/2014;1;1;39;353
354;4;5;24/04/2014;;1;43;GASTO;ROLLO DE MECATILLO;1;1;1;UND;1;24/04/2014;1;1;39;354
355;4;5;14/01/2014;;100;40;GASTO;CABILLA 5,2 MM;1;1;1;UND;1;14/01/2014;1;1;39;355
356;4;5;05/02/2014;;50;36;GASTO;CABILLA 5,2 MM;1;1;1;UND;1;05/02/2014;1;1;39;356
357;4;5;10/10/2014;;5;120;GASTO;GRAMPAS PARA CERCA;1;1;1;KG;1;10/10/2014;1;1;39;357
358;4;5;06/05/2014;;4;42;GASTO;ALAMBRE;1;1;1;KG;1;06/05/2014;1;1;39;358
359;4;5;30/04/2014;;2;80;GASTO;GRAMPAS PARA CERCA;1;1;1;KG;1;30/04/2014;1;1;39;359
360;7;5;18/07/2014;;1;200;GASTO;"LIMA MOTOSIERRA 5/32"" BV";1;1;1;UND;1;18/07/2014;1;1;39;360
361;4;5;21/01/2014;;3;55;GASTO;ROLLOS DE ALAMBRE;1;1;1;UND;1;21/01/2014;1;1;39;361
362;5;5;25/01/2014;;1;229;GASTO;"DISCO DE CORTE 14""";1;1;1;UND;1;25/01/2014;1;1;39;362
363;5;5;25/01/2014;;6;305;GASTO;TUBULARES 2x1;1;1;1;UND;1;25/01/2014;1;1;39;363
364;5;5;24/01/2014;;1;6475;GASTO;LAMINAS + GANCHOS;1;1;1;UND;1;24/01/2014;1;1;39;364
365;5;5;25/01/2014;;3;172;GASTO;ELECTRODOS 1/8;1;1;1;KG;1;25/01/2014;1;1;39;365
366;7;5;31/12/2013;;1;11273;GASTO;TECHO AREA SOCIAL DE LA FINCA;1;1;1;UND;1;31/12/2013;1;1;39;366
367;7;5;08/01/2014;;1;42;GASTO;ALAMBRE;1;1;1;UND;1;08/01/2014;1;1;39;367
368;7;5;22/04/2014;;1;100;GASTO;HERVISIDA;1;1;1;UND;1;22/04/2014;1;1;40;368
369;21;5;21/02/2014;;1;117;GASTO;HIDRATOPP (HIDRATANTE);1;1;1;UND;1;21/02/2014;1;1;41;369
370;22;5;18/10/2013;;1;196;GASTO;HIDRATANTES;1;1;1;UND;1;18/10/2013;1;1;41;370
371;8;5;17/06/2014;;1;60;GASTO;HIERRO;1;1;1;UND;1;17/06/2014;1;1;42;371
372;8;5;01/01/2014;;1;130;GASTO;HIERRO DE 100ML;1;1;1;UND;1;01/01/2014;1;1;42;372
373;8;5;18/05/2014;;2;15;GASTO;AGUJA PARA BECERRO;1;1;1;UND;1;18/05/2014;1;1;43;373
374;6;5;26/07/2014;;2;10;GASTO;INYECTADORA;1;1;1;UND;1;26/07/2014;1;1;43;374
375;7;5;15/07/2014;;1;3500;GASTO;PLANOS DE LA FINCA;1;1;1;UND;1;15/07/2014;1;1;44;375
376;11;5;15/02/2014;;12;1050;GASTO;JUALAS DE 7 PUESTOS x 3 ;1;1;1;UND;1;15/02/2014;1;1;45;376
377;12;5;19/01/2014;;1;3020;GASTO;PEDRO;1;1;1;UND;1;19/01/2014;1;1;46;377
378;12;5;19/01/2014;;1;500;GASTO;ORANGEL (ADELANTO DE LIQUIDACION);1;1;1;UND;1;19/01/2014;1;1;46;378
379;12;5;20/01/2014;;1;5900;GASTO;ORANGEL (FINIQUITO DE LIQUIDACION);1;1;1;UND;1;20/01/2014;1;1;46;379
380;2;5;08/05/2014;;1;80;GASTO;TUBO DE GRASA;1;1;1;UND;1;08/05/2014;1;1;47;380
381;2;5;12/05/2014;;1;70;GASTO;PEGA TANGUE, SELLAR FILTRACION ACEIT;1;1;1;UND;1;12/05/2014;1;1;47;381
382;2;5;07/06/2014;;7;110;GASTO;PLASTICO NEGRO ;1;1;1;MTS;1;07/06/2014;1;1;47;382
383;2;5;18/05/2014;;2;1000;GASTO;ACEITE;1;1;1;PAILA;1;18/05/2014;1;1;47;383
384;2;5;09/05/2014;;2;40;GASTO;ACEITE DE FRENOS DOT  4;1;1;1;UND;1;09/05/2014;1;1;47;384
385;2;5;21/07/2014;;1;1500;GASTO;ACEITE 20 50 DIESEL PAILA;1;1;1;UND;1;21/07/2014;1;1;47;385
386;7;5;01/01/2014;;1;90;GASTO;ACEITE DOS T;1;1;1;UND;1;01/01/2014;1;1;47;386
387;7;5;02/02/2014;;1;160;GASTO;ACEITE DOS TIEMPO + ;1;1;1;UND;1;02/02/2014;1;1;47;387
388;3;5;16/01/2014;;2;120;GASTO;ACEITE DE CAJA ULTRA LUV;1;1;1;UND;1;16/01/2014;1;1;47;388
389;2;5;08/05/2014;;1;80;GASTO;TUBO DE GRASA;1;1;1;UND;1;08/05/2014;1;1;48;389
390;2;5;12/05/2014;;1;70;GASTO;PEGA TANGUE, SELLAR FILTRACION ACEIT;1;1;1;UND;1;12/05/2014;1;1;48;390
391;2;5;07/06/2014;;7;110;GASTO;PLASTICO NEGRO ;1;1;1;MTS;1;07/06/2014;1;1;48;391
392;2;5;18/05/2014;;2;1000;GASTO;ACEITE;1;1;1;PAILA;1;18/05/2014;1;1;48;392
393;2;5;09/05/2014;;2;40;GASTO;ACEITE DE FRENOS DOT  4;1;1;1;UND;1;09/05/2014;1;1;48;393
394;2;5;21/07/2014;;1;1500;GASTO;ACEITE 20 50 DIESEL PAILA;1;1;1;UND;1;21/07/2014;1;1;48;394
395;7;5;01/01/2014;;1;90;GASTO;ACEITE DOS T;1;1;1;UND;1;01/01/2014;1;1;48;395
396;7;5;02/02/2014;;1;160;GASTO;ACEITE DOS TIEMPO + ;1;1;1;UND;1;02/02/2014;1;1;48;396
397;3;5;16/01/2014;;2;120;GASTO;ACEITE DE CAJA ULTRA LUV;1;1;1;UND;1;16/01/2014;1;1;48;397
398;11;5;23/02/2014;;15;140;GASTO;MALLA TIPO POLLITO;1;1;1;MTS;1;23/02/2014;1;1;49;398
399;5;5;08/06/2014;;1;150;GASTO;MANO DE OBRA HACER BASES;1;1;1;UND;1;08/06/2014;1;1;50;399
400;6;5;14/09/2014;;1;228;GASTO;MATA GUSANO EN CREMO;1;1;1;UND;1;14/09/2014;1;1;51;400
401;8;5;19/09/2014;;1;280;GASTO;MELAZA;1;1;1;UND;1;19/09/2014;1;1;52;401
402;8;5;16/03/2014;;2;900;GASTO;MELAZA;1;1;1;TAMBOR;1;16/03/2014;1;1;52;402
403;7;5;21/12/2013;;1;120;GASTO;NYLON PARA DESMALEZADORA;1;1;1;UND;1;21/12/2013;1;1;53;403
404;7;5;28/08/2014;;1;800;GASTO;BALANCE PERSONAL;1;1;1;UND;1;28/08/2014;1;1;54;404
405;7;5;28/08/2014;;1;800;GASTO;BALANCE PERSONAL;1;1;1;UND;1;28/08/2014;1;1;55;405
406;7;5;31/08/2014;;1;12306;GASTO;PRESTAMOS PARA PAGO DE WILFRIDO 30-09-14;1;1;1;UND;1;31/08/2014;1;1;56;406
407;7;5;02/07/2014;;1;520;GASTO;CREDITO FREZEER;1;1;1;UND;1;02/07/2014;1;1;56;407
408;7;5;15/09/2014;;1;900;GASTO;pago de tarjetas de credito provincial;1;1;1;UND;1;15/09/2014;1;1;56;408
409;7;5;21/04/2014;;1;520;GASTO;CUOTA ABRIL  POLLITOS;1;1;1;UND;1;21/04/2014;1;1;56;409
410;7;5;31/08/2014;;1;;;POR PAGO CREDITO BANCO MERCANTIL;1;1;1;UND;1;31/08/2014;1;1;56;410
411;7;5;21/04/2014;;1;480;;CUOTA ABRIL  ALAMBRE;1;1;1;UND;1;21/04/2014;1;1;56;411
412;7;5;26/12/2013;;1;180;;JORGE - CREDITO PERSONAL FINCA;1;1;1;UND;1;26/12/2013;1;1;56;412
413;7;5;31/03/2014;;1;520;;CUOTA MARZO POLLITOS;1;1;1;UND;1;31/03/2014;1;1;56;413
414;7;5;04/06/2014;;1;1000;;PRESTAMO A JOSE;1;1;1;UND;1;04/06/2014;1;1;56;414
415;7;5;15/07/2014;;1;2530;;CREDITO VARIOS;1;1;1;UND;1;15/07/2014;1;1;56;415
416;7;5;31/03/2014;;1;480;;CUOTA PARA ALAMBRE PUA;1;1;1;UND;1;31/03/2014;1;1;56;416
417;7;5;02/07/2014;;1;350;;CREDITO POLLOS;1;1;1;UND;1;02/07/2014;1;1;56;417
418;7;5;31/03/2014;;1;95;;CUOTA MARZO PRESTAME;1;1;1;UND;1;31/03/2014;1;1;56;418
419;7;5;19/02/2014;;1;610;;PAGO AL BANCO VENEZUELA;1;1;1;UND;1;19/02/2014;1;1;56;419
420;7;5;31/08/2014;;1;;;POR PAGO CREDITO BANCO VNZLA;1;1;1;UND;1;31/08/2014;1;1;56;420
421;7;5;19/02/2014;;1;350;;JORGE CUOTA FRISE;1;1;1;UND;1;19/02/2014;1;1;56;421
422;7;5;26/12/2013;;1;350;;JORGE - CREDITO FRISE;1;1;1;UND;1;26/12/2013;1;1;56;422
423;7;5;19/02/2014;;1;1178;;JORGE CREDITO;1;1;1;UND;1;19/02/2014;1;1;56;423
424;7;5;31/08/2014;;1;480;;CREDITO ALAMBRE  SEP;1;1;1;UND;1;31/08/2014;1;1;56;424
425;7;5;31/08/2014;;1;350;;CREDITO FREZEER SEP;1;1;1;UND;1;31/08/2014;1;1;56;425
426;7;5;31/08/2014;;1;520;;CREDITO POLLITOS SEP;1;1;1;UND;1;31/08/2014;1;1;56;426
427;19;5;26/11/2013;;1;400;;COMISION FLAT PRESTAMO;1;1;1;UND;1;26/11/2013;1;1;56;427
428;7;5;26/12/2013;;1;520;;JORGE - CREDITO POLLOS LOTE 2;1;1;1;UND;1;26/12/2013;1;1;56;428
429;7;5;19/02/2014;;1;520;;JORGE CREDITO  POLLITOS 2;1;1;1;UND;1;19/02/2014;1;1;56;429
430;7;5;31/03/2014;;1;105;;COMPRA DE CHIMO Y CEPILLO DE JOE;1;1;1;UND;1;31/03/2014;1;1;56;430
431;7;5;31/08/2014;;1;11000;;prestamo pago wilfrido 02-9-14;1;1;1;UND;1;31/08/2014;1;1;56;431
432;7;5;17/12/2013;;1;1000;;JORGE - CREDITO PERSONAL FINCA;1;1;1;UND;1;17/12/2013;1;1;56;432
433;7;5;02/07/2014;;1;900;;PAGO CUOTA JUNIO PRESTAMO PERSONAL ;1;1;1;UND;1;02/07/2014;1;1;56;433
434;7;5;21/04/2014;;1;350;;CUOTA ABRIL  FREZER;1;1;1;UND;1;21/04/2014;1;1;56;434
435;7;5;21/04/2014;;1;1177;;CUOTA ABRIL  PRESTAMO;1;1;1;UND;1;21/04/2014;1;1;56;435
436;7;5;19/02/2014;;4;15;;PRESTAMO A DANIEL PARA EL CHIMO;1;1;1;UND;1;19/02/2014;1;1;56;436
437;7;5;23/01/2014;;1;1530;;JORGE CREDITO;1;1;1;UND;1;23/01/2014;1;1;56;437
438;7;5;02/07/2014;;1;480;;CREDITO ALAMBRE;1;1;1;UND;1;02/07/2014;1;1;56;438
439;7;5;18/05/2014;;1;480;;CUOTA MAYO PRESTAMO ALAMBRE PUA;1;1;1;UND;1;18/05/2014;1;1;56;439
440;7;5;18/05/2014;;1;520;;CUOTA MAYO PRESTAMO POLLITO;1;1;1;UND;1;18/05/2014;1;1;56;440
441;7;5;25/05/2014;;1;200;;PRESTAMO A JORGE;1;1;1;UND;1;25/05/2014;1;1;56;441
442;7;5;18/05/2014;;1;1180;;CUOTA MAYO PRESTAMO PERSONAL;1;1;1;UND;1;18/05/2014;1;1;56;442
443;7;5;18/05/2014;;1;350;;CUOTA MAYO PRESTAMO FREZER;1;1;1;UND;1;18/05/2014;1;1;56;443
444;7;5;08/07/2014;;1;800;;PAPELES PARA PREPARAR EL CREDITO;1;1;1;UND;1;08/07/2014;1;1;56;444
445;7;5;19/02/2014;;1;520;;JORGE CREDITO  POLLITOS 2;1;1;1;UND;1;19/02/2014;1;1;56;445
446;7;5;23/02/2014;;6;20;;PRESTAMO A DANIEL PARA EL CHIMO;1;1;1;UND;1;23/02/2014;1;1;56;446
447;7;5;17/08/2014;;1;2530;;credito;1;1;1;;1;17/08/2014;1;1;56;447
448;8;5;30/03/2014;;7;40;;PACAS;1;1;1;UND;1;30/03/2014;1;1;57;448
449;8;5;02/02/2014;;7;35;;PACAS DE PASTO;1;1;1;SACO;1;02/02/2014;1;1;57;449
450;8;5;14/05/2014;;10;40;;PACAS;1;1;1;UND;1;14/05/2014;1;1;57;450
451;8;5;18/05/2014;;4;400;;BOBINAS DE PASTO;1;1;1;UND;1;18/05/2014;1;1;57;451
452;8;5;16/03/2014;;6;40;;PACAS;1;1;1;UND;1;16/03/2014;1;1;57;452
453;8;5;08/12/2013;;7;35;;PACAS DE GANADO;1;1;1;UND;1;08/12/2013;1;1;57;453
454;8;5;28/02/2014;;4;40;;PACAS;1;1;1;UND;1;28/02/2014;1;1;57;454
455;8;5;19/09/2014;;10;60;;PACAS;1;1;1;UND;1;19/09/2014;1;1;57;455
456;7;5;15/02/2014;;1;240;;LLAVE DE PASO 3/4 + TEE;1;1;1;UND;1;15/02/2014;1;1;58;456
457;7;5;16/02/2014;;1;39;;REDUCTOR DE 3/4 A 1/2 Y NIPLE .3/4;1;1;1;UND;1;16/02/2014;1;1;58;457
458;10;5;28/06/2014;;1;130;;ANILLO PARA CONEXION DEL TANQUE ;1;1;1;UND;1;28/06/2014;1;1;58;458
459;5;5;05/02/2014;;3;40;;TEE RAPIDA 25mm (3/4);1;1;1;UND;1;05/02/2014;1;1;58;459
460;10;5;12/04/2014;;1;236;;PIEZAS PACO (union DE 1/2 Y OTROS);1;1;1;UND;1;12/04/2014;1;1;58;460
461;5;5;05/02/2014;;2;12;;ADAPTADOR DE 25mm x 3/4;1;1;1;UND;1;05/02/2014;1;1;58;461
462;11;5;23/02/2014;;1;164;;3ADAP MACH1/2+3BUSHI 3/4 A 1/2+5CODO 3/4;1;1;1;UND;1;23/02/2014;1;1;58;462
463;7;5;03/04/2014;;1;541;;NIPLE + LLAVE DE CHORRO (CUARTO);1;1;1;UND;1;03/04/2014;1;1;58;463
464;10;5;15/04/2014;;1;158;;PIEZAS PACO (NIPLE 3/4, CODO, ADPT Y TEFLON);1;1;1;UND;1;15/04/2014;1;1;58;464
465;7;5;21/07/2014;;1;190;;UNION DE 25 MM, TEE DE 32 MM, ADAP 32 MM A 3/4;1;1;1;UND;1;21/07/2014;1;1;58;465
466;10;5;12/04/2014;;1;136;;PIEZAS PACO (ADP + CODO+ PEGA PVC);1;1;1;UND;1;12/04/2014;1;1;58;466
467;10;5;23/06/2014;;1;1147;;TANQUE DECOPLAS 900 LTS;1;1;1;UND;1;23/06/2014;1;1;58;467
468;7;5;16/02/2014;;1;240;;LLAVE DE PASO 3/4 + TEE;1;1;1;UND;1;16/02/2014;1;1;58;468
469;7;5;16/02/2014;;1;58;;6 CODO + NOPLE 3/4;1;1;1;UND;1;16/02/2014;1;1;58;469
470;11;5;23/02/2014;;8;8;;ANILLO PVC 1/2;1;1;1;UND;1;23/02/2014;1;1;58;470
471;10;5;28/06/2014;;1;130;;ANILLO PARA CONEXION DEL TANQUE ;1;1;1;UND;1;28/06/2014;1;1;58;471
472;10;5;12/04/2014;;1;201;;PIEZAS PACO (TUBERIA DE 1/2 Y OTROS);1;1;1;UND;1;12/04/2014;1;1;58;472
473;7;5;08/01/2014;;2;85;;SISTEMA DE RIEGO( LLAVE DE PASO);1;1;1;UND;1;08/01/2014;1;1;58;473
474;23;5;05/02/2014;;1;56;;TEFLON DE 3/4;1;1;1;UND;1;05/02/2014;1;1;58;474
475;23;5;05/02/2014;;1;886;;TANQUE DECOPLAS;1;1;1;UND;1;05/02/2014;1;1;58;475
476;23;5;05/02/2014;;1;49;;LLAVE DE PASO 3/4;1;1;1;UND;1;05/02/2014;1;1;58;476
477;7;5;03/01/2014;;2;12;;REDUCTOR 1 1/4 x 3/4 ;1;1;1;UND;1;03/01/2014;1;1;58;477
478;7;5;03/01/2014;;1;50;;TEFLON;1;1;1;UND;1;03/01/2014;1;1;58;478
479;5;5;05/02/2014;;1;450;;MANGUERA DE 25mm X 100MTS;1;1;1;UND;1;05/02/2014;1;1;58;479
480;7;5;25/01/2014;;1;49;;LLAVE DE PASO 3/4;1;1;1;UND;1;25/01/2014;1;1;58;480
481;11;5;21/02/2014;;1;1123;;10 TUBOS TUBRICA 1/2+5T+9CODO+10TAPON;1;1;1;UND;1;21/02/2014;1;1;58;481
482;7;5;03/01/2014;;2;6;;"ANILLO DE 3/4 x 4""";1;1;1;UND;1;03/01/2014;1;1;58;482
483;7;5;07/03/2014;;1;95;;TEFLON + NIPLE DE 1/2 (QUEMADOR);1;1;1;UND;1;07/03/2014;1;1;58;483
484;11;5;15/02/2014;;2;70;;TUBO AZUL 3/4;1;1;1;UND;1;15/02/2014;1;1;58;484
485;5;5;05/02/2014;;1;25;;UNION RAPIDA DE 25mm ;1;1;1;UND;1;05/02/2014;1;1;58;485
486;10;5;19/06/2014;;2;43;;UNION UNIVERSAL DE 1/2 PACO;1;1;1;UND;1;19/06/2014;1;1;58;486
487;7;5;14/05/2014;;1;400;;RABO DE COCHINO PARA GAS;1;1;1;UND;1;14/05/2014;1;1;58;487
488;7;5;08/01/2014;;1;200;;LLAVE DE PASO 40mm X 1 1/4;1;1;1;UND;1;08/01/2014;1;1;58;488
489;7;5;16/01/2014;;1;20;;GAS;1;1;1;UND;1;16/01/2014;1;1;58;489
490;7;5;15/02/2014;;1;240;;LLAVE DE PASO 3/4 + TEE;1;1;1;UND;1;15/02/2014;1;1;59;490
491;7;5;16/02/2014;;1;39;;REDUCTOR DE 3/4 A 1/2 Y NIPLE .3/4;1;1;1;UND;1;16/02/2014;1;1;59;491
492;10;5;28/06/2014;;1;130;;ANILLO PARA CONEXION DEL TANQUE ;1;1;1;UND;1;28/06/2014;1;1;59;492
493;5;5;05/02/2014;;3;40;;TEE RAPIDA 25mm (3/4);1;1;1;UND;1;05/02/2014;1;1;59;493
494;10;5;12/04/2014;;1;236;;PIEZAS PACO (union DE 1/2 Y OTROS);1;1;1;UND;1;12/04/2014;1;1;59;494
495;5;5;05/02/2014;;2;12;;ADAPTADOR DE 25mm x 3/4;1;1;1;UND;1;05/02/2014;1;1;59;495
496;11;5;23/02/2014;;1;164;;3ADAP MACH1/2+3BUSHI 3/4 A 1/2+5CODO 3/4;1;1;1;UND;1;23/02/2014;1;1;59;496
497;7;5;03/04/2014;;1;541;;NIPLE + LLAVE DE CHORRO (CUARTO);1;1;1;UND;1;03/04/2014;1;1;59;497
498;10;5;15/04/2014;;1;158;;PIEZAS PACO (NIPLE 3/4, CODO, ADPT Y TEFLON);1;1;1;UND;1;15/04/2014;1;1;59;498
499;7;5;21/07/2014;;1;190;;UNION DE 25 MM, TEE DE 32 MM, ADAP 32 MM A 3/4;1;1;1;UND;1;21/07/2014;1;1;59;499
500;10;5;12/04/2014;;1;136;;PIEZAS PACO (ADP + CODO+ PEGA PVC);1;1;1;UND;1;12/04/2014;1;1;59;500
501;10;5;23/06/2014;;1;1147;;TANQUE DECOPLAS 900 LTS;1;1;1;UND;1;23/06/2014;1;1;59;501
502;7;5;16/02/2014;;1;240;;LLAVE DE PASO 3/4 + TEE;1;1;1;UND;1;16/02/2014;1;1;59;502
503;7;5;16/02/2014;;1;58;;6 CODO + NOPLE 3/4;1;1;1;UND;1;16/02/2014;1;1;59;503
504;11;5;23/02/2014;;8;8;;ANILLO PVC 1/2;1;1;1;UND;1;23/02/2014;1;1;59;504
505;10;5;28/06/2014;;1;130;;ANILLO PARA CONEXION DEL TANQUE ;1;1;1;UND;1;28/06/2014;1;1;59;505
506;10;5;12/04/2014;;1;201;;PIEZAS PACO (TUBERIA DE 1/2 Y OTROS);1;1;1;UND;1;12/04/2014;1;1;59;506
507;7;5;08/01/2014;;2;85;;SISTEMA DE RIEGO( LLAVE DE PASO);1;1;1;UND;1;08/01/2014;1;1;59;507
508;23;5;05/02/2014;;1;56;;TEFLON DE 3/4;1;1;1;UND;1;05/02/2014;1;1;59;508
509;23;5;05/02/2014;;1;886;;TANQUE DECOPLAS;1;1;1;UND;1;05/02/2014;1;1;59;509
510;23;5;05/02/2014;;1;49;;LLAVE DE PASO 3/4;1;1;1;UND;1;05/02/2014;1;1;59;510
511;7;5;03/01/2014;;2;12;;REDUCTOR 1 1/4 x 3/4 ;1;1;1;UND;1;03/01/2014;1;1;59;511
512;7;5;03/01/2014;;1;50;;TEFLON;1;1;1;UND;1;03/01/2014;1;1;59;512
513;5;5;05/02/2014;;1;450;;MANGUERA DE 25mm X 100MTS;1;1;1;UND;1;05/02/2014;1;1;59;513
514;7;5;25/01/2014;;1;49;;LLAVE DE PASO 3/4;1;1;1;UND;1;25/01/2014;1;1;59;514
515;11;5;21/02/2014;;1;1123;;10 TUBOS TUBRICA 1/2+5T+9CODO+10TAPON;1;1;1;UND;1;21/02/2014;1;1;59;515
516;7;5;03/01/2014;;2;6;;"ANILLO DE 3/4 x 4""";1;1;1;UND;1;03/01/2014;1;1;59;516
517;7;5;07/03/2014;;1;95;;TEFLON + NIPLE DE 1/2 (QUEMADOR);1;1;1;UND;1;07/03/2014;1;1;59;517
518;11;5;15/02/2014;;2;70;;TUBO AZUL 3/4;1;1;1;UND;1;15/02/2014;1;1;59;518
519;5;5;05/02/2014;;1;25;;UNION RAPIDA DE 25mm ;1;1;1;UND;1;05/02/2014;1;1;59;519
520;10;5;19/06/2014;;2;43;;UNION UNIVERSAL DE 1/2 PACO;1;1;1;UND;1;19/06/2014;1;1;59;520
521;7;5;14/05/2014;;1;400;;RABO DE COCHINO PARA GAS;1;1;1;UND;1;14/05/2014;1;1;59;521
522;7;5;08/01/2014;;1;200;;LLAVE DE PASO 40mm X 1 1/4;1;1;1;UND;1;08/01/2014;1;1;59;522
523;7;5;16/01/2014;;1;20;;GAS;1;1;1;UND;1;16/01/2014;1;1;59;523
524;16;5;13/06/2014;;1000;13;;POLLO BB;1;1;1;UND;1;13/06/2014;1;1;60;524
525;21;5;28/01/2014;;1000;13;;POLLITOS ;1;1;1;UND;1;28/01/2014;1;1;60;525
526;14;5;03/04/2014;;1000;15;;POLLITOS BEBE;1;1;1;UND;1;03/04/2014;1;1;60;526
527;17;5;15/08/2014;;1000;14;;POLLO BB;1;1;1;UND;1;15/08/2014;1;1;60;527
528;15;5;08/05/2014;;1000;13;;POLLITOS BEBE;1;1;1;UND;1;08/05/2014;1;1;60;528
529;18;5;21/02/2014;;1000;13;;POLLO BB;1;1;1;UND;1;21/02/2014;1;1;60;529
530;20;5;27/10/2013;;1000;12;;POLLITOS ;1;1;1;UND;1;27/10/2013;1;1;60;530
531;19;5;26/11/2013;;1000;12;;POLLITOS ;1;1;1;UND;1;26/11/2013;1;1;60;531
532;16;5;24/07/2014;;3;500;;ENGORDE POLLO SS;1;1;1;SACO;1;24/07/2014;1;1;61;532
533;14;5;03/05/2014;;30;369;;ENGORDE SS;1;1;1;SACO;1;03/05/2014;1;1;61;533
534;16;5;07/06/2014;;1;120;;CALETEO ALIMENTO;1;1;1;UND;1;07/06/2014;1;1;61;534
535;16;5;12/07/2014;;2;385;;ENGORDE MERSAN (COCHINO);1;1;1;SACO;1;12/07/2014;1;1;61;535
536;18;5;03/04/2014;;10;360;;ENGORDE POLLO (MERSAN);1;1;1;SACO;1;03/04/2014;1;1;61;536
537;18;5;30/03/2014;;4;380;;ENGORDE POLLO (MERSAN);1;1;1;SACO;1;30/03/2014;1;1;61;537
538;16;5;17/07/2014;;9;385;;ENGORDE MERSAN (COCHINO);1;1;1;SACO;1;17/07/2014;1;1;61;538
539;14;5;30/04/2014;;6;455;;ENGORDE MERSAN;1;1;1;SACO;1;30/04/2014;1;1;61;539
540;16;5;17/07/2014;;2;300;;ENGORDE MERSAN (COCHINO);1;1;1;SACO;1;17/07/2014;1;1;61;540
541;16;5;11/07/2014;;15;455;;ENGORDE MERSAN (COCHINO);1;1;1;SACO;1;11/07/2014;1;1;61;541
542;14;5;26/04/2014;;12;470;;ENGORDE;1;1;1;SACO;1;26/04/2014;1;1;61;542
543;15;5;09/05/2014;;35;373;;CRECIMIENTO ENGORDE;1;1;1;SACO;1;09/05/2014;1;1;61;543
544;14;5;09/05/2014;;30;373;;CRECIMIENTO ENGORDE;1;1;1;SACO;1;09/05/2014;1;1;61;544
545;18;5;07/04/2014;;4;380;;ENGORDE POLLO;1;1;1;SACO;1;07/04/2014;1;1;61;545
546;14;5;11/04/2014;;25;362;;INICIADOR SUPER ESE;1;1;1;SACO;1;11/04/2014;1;1;61;546
547;15;5;23/06/2014;;6;470;;POLLO ENGORDE;1;1;1;SACO;1;23/06/2014;1;1;61;547
548;15;5;07/06/2014;;50;409;;POLLO ENGORDE TERMINADOR;1;1;1;SACO;1;07/06/2014;1;1;61;548
549;15;5;28/06/2014;;3;470;;ENGORDE MERSAN;1;1;1;SACO;1;28/06/2014;1;1;61;549
550;16;5;30/07/2014;;7;385;;ENGORDE POLLO SILAMACA CERDO;1;1;1;SACO;1;30/07/2014;1;1;61;550
551;15;5;07/06/2014;;17;409;;POLLO ENGORDE TERMINADOR;1;1;1;SACO;1;07/06/2014;1;1;61;551
552;16;5;26/07/2014;;10;370;;ENGORDE POLLO SILAMACA CERDO;1;1;1;SACO;1;26/07/2014;1;1;61;552
553;16;5;12/07/2014;;7;455;;POLLO ENG. ALTA ENERGIA;1;1;1;SACO;1;12/07/2014;1;1;61;553
554;17;5;06/09/2014;;75;521;;ENGORDE;1;1;1;SACO;1;06/09/2014;1;1;61;554
555;16;5;05/08/2014;;2;380;;CERDO ENGORDE PROCRIA;1;1;1;UND;1;05/08/2014;1;1;61;555
556;16;5;03/08/2014;;5;480;;CERDO ENGORDE;1;1;1;SACO;1;03/08/2014;1;1;61;556
557;16;5;20/07/2014;;15;470;;ENGORDE MERSAN (COCHINO);1;1;1;SACO;1;20/07/2014;1;1;61;557
558;16;5;07/08/2014;;2;380;;CERDO ENGORDE PROCRIA;1;1;1;UND;1;07/08/2014;1;1;61;558
559;16;5;03/07/2014;;10;470;;ENGORDE MERSAN;1;1;1;SACO;1;03/07/2014;1;1;61;559
560;16;5;14/07/2014;;9;385;;ENGORDE MERSAN (COCHINO);1;1;1;SACO;1;14/07/2014;1;1;61;560
561;17;5;29/09/2014;;8;610;;ENGORDE;1;1;1;SACO;1;29/09/2014;1;1;61;561
562;18;5;01/04/2014;;12;380;;ENGORDE POLLO (MERSAN);1;1;1;SACO;1;01/04/2014;1;1;61;562
563;19;5;01/12/2013;;3;353;;INICIADOR ;1;1;1;SACO;1;01/12/2013;1;1;62;563
564;20;5;18/10/2013;;28;324;;POLLITO CRECE;1;1;1;SACO;1;18/10/2013;1;1;62;564
565;20;5;15/10/2013;;35;323;;INICIAL ENER S/G ESP;1;1;1;SACO;1;15/10/2013;1;1;62;565
566;19;5;11/12/2013;;2;355;;ALIMENTO ;1;1;1;SACO;1;11/12/2013;1;1;62;566
567;18;5;22/02/2014;;15;345;;POLLOS CRECIMIENTO;1;1;1;SACO;1;22/02/2014;1;1;62;567
568;19;5;08/01/2014;;5;355;;ALIMENTO CONCENTRADO;1;1;1;UND;1;08/01/2014;1;1;62;568
569;19;5;12/12/2013;;50;324;;POLLOS CREC ENG. ENERG. GR;1;1;1;SACO;1;12/12/2013;1;1;62;569
570;19;5;06/12/2013;;1;353;;INICIADOR ;1;1;1;SACO;1;06/12/2013;1;1;62;570
571;18;5;22/02/2014;;50;345;;POLLOS CRECIMIENTO;1;1;1;SACO;1;22/02/2014;1;1;62;571
572;17;5;06/09/2014;;8;520;;iniciador;1;1;1;SACO;1;06/09/2014;1;1;62;572
573;19;5;08/12/2013;;3;360;;INICIADOR ;1;1;1;SACO;1;08/12/2013;1;1;62;573
574;18;5;22/02/2014;;35;347;;POLLOS INIC. ENER S/G;1;1;1;SACO;1;22/02/2014;1;1;62;574
575;19;5;12/12/2013;;6;323;;POLLOS INIC. ENER, S/G ESP;1;1;1;SACO;1;12/12/2013;1;1;62;575
576;21;5;28/01/2014;;2;390;;INICIADOR;1;1;1;SACO;1;28/01/2014;1;1;62;576
577;19;5;24/11/2013;;3;360;;ALIMENTO INICIAL;1;1;1;SACO;1;24/11/2013;1;1;62;577
578;19;5;06/12/2013;;2;360;;SUPER S INICIO;1;1;1;SACO;1;06/12/2013;1;1;62;578
579;19;5;12/12/2013;;5;324;;POLLOS CREC ENG. ENERG. GR;1;1;1;SACO;1;12/12/2013;1;1;62;579
580;14;5;05/04/2014;;2;460;;INICIADOR;1;1;1;SACO;1;05/04/2014;1;1;62;580
581;21;5;12/02/2014;;4;380;;INICIADOR;1;1;1;SACO;1;12/02/2014;1;1;62;581
582;21;5;29/01/2014;;60;324;;POLLO DE CRECIMIENTO;1;1;1;SACO;1;29/01/2014;1;1;62;582
583;17;5;13/08/2014;;25;475;;POLLLO INICIADOR;1;1;1;SACO;1;13/08/2014;1;1;62;583
584;21;5;29/01/2014;;20;323;;POLLO INICIADOR;1;1;1;SACO;1;29/01/2014;1;1;62;584
585;21;5;28/01/2014;;1;370;;INICIADOR;1;1;1;SACO;1;28/01/2014;1;1;62;585
586;16;5;07/06/2014;;33;415;;POLLO INICIADOR;1;1;1;SACO;1;07/06/2014;1;1;62;586
587;14;5;10/04/2014;;2;420;;INICIADOR;1;1;1;SACO;1;10/04/2014;1;1;62;587
588;20;5;15/10/2013;;42;324;;POLLOS CREC ENG. ENERG. GR;1;1;1;SACO ;1;15/10/2013;1;1;62;588
589;14;5;03/04/2014;;2;320;;INICIADOR;1;1;1;SACO;1;03/04/2014;1;1;62;589
590;21;5;15/02/2014;;8;365;;INICIADOR ;1;1;1;SACO;1;15/02/2014;1;1;62;590
591;19;5;12/12/2013;;10;336;;POLLO PREINICIAL 3 A.E.4;1;1;1;SACO;1;12/12/2013;1;1;63;591
592;15;5;08/05/2014;;1;450;;PRE INICIAL 2;1;1;1;SACO;1;08/05/2014;1;1;63;592
593;15;5;09/05/2014;;35;421;;PRE INICIAL 2;1;1;1;SACO;1;09/05/2014;1;1;63;593
594;22;5;18/10/2013;;500;20;;POLLITAS BB;1;1;1;UND;1;18/10/2013;1;1;64;594
595;22;5;15/10/2013;;10;339;;STARTE LIVIANA;1;1;1;SACO;1;15/10/2013;1;1;65;595
596;22;5;16/11/2013;;3;353;;ALIMENTOS INICIO POLLAS;1;1;1;SACO;1;16/11/2013;1;1;65;596
597;22;5;01/12/2013;;2;353;;INICIADOR ;1;1;1;SACO;1;01/12/2013;1;1;65;597
598;22;5;08/12/2013;;2;360;;INICIADOR ;1;1;1;SACO;1;08/12/2013;1;1;65;598
599;22;5;17/11/2013;;2;360;;ALIMENTOS INICIO POLLAS;1;1;1;SACO;1;17/11/2013;1;1;65;599
600;22;5;24/11/2013;;2;360;;ALIMENTOS INICIO POLLAS;1;1;1;SACO;1;24/11/2013;1;1;65;600
601;22;5;12/12/2013;;29;323;;POLOS INIC. ENER, S/G ESP;1;1;1;SACO;1;12/12/2013;1;1;65;601
602;7;5;08/01/2014;;3;20;;CHIMO PARA ORANGEL;1;1;1;UND;1;08/01/2014;1;1;66;602
603;7;5;12/01/2014;;1;100;;TARJETA MOVILNET DE 100;1;1;1;UND;1;12/01/2014;1;1;66;603
604;12;5;04/06/2014;;1;2150;;PAGO PRIMO JOSE;1;1;1;UND;1;04/06/2014;1;1;67;604
605;12;5;29/12/2013;;1;1485;;PEDRO - 2DA QUINCENA DICIEMBRE;1;1;1;UND;1;29/12/2013;1;1;67;605
606;12;5;15/02/2014;;1;1750;;PAGO A JOSE QUINCENA;1;1;1;UND;1;15/02/2014;1;1;67;606
607;12;5;15/09/2014;;1;2150;;pago a rauly;1;1;1;UND;1;15/09/2014;1;1;67;607
608;12;5;02/08/2014;;1;2150;;PAGO NOMINA JUNIO PRIMO JOSE;1;1;1;UND;1;02/08/2014;1;1;67;608
609;12;5;15/07/2014;;1;2150;;PAGO NOMINA JUNIO PRIMO JOSE;1;1;1;UND;1;15/07/2014;1;1;67;609
610;12;5;30/04/2014;;1;1900;;JOSE;1;1;1;UND;1;30/04/2014;1;1;67;610
611;12;5;15/06/2014;;1;2150;;PAGO PRIMO JOSE;1;1;1;UND;1;15/06/2014;1;1;67;611
612;12;5;02/08/2014;;1;2150;;PAGO NOMINA JUNIO JOSE;1;1;1;UND;1;02/08/2014;1;1;67;612
613;12;5;02/07/2014;;1;2150;;PAGO NOMINA JUNIO PRIMO JOSE;1;1;1;UND;1;02/07/2014;1;1;67;613
614;12;5;16/08/2014;;1;2150;;pago a rauly;1;1;1;UND;1;16/08/2014;1;1;67;614
615;12;5;27/11/2013;;1;1665;;PEDRO;1;1;1;UND;1;27/11/2013;1;1;67;615
616;12;5;15/07/2014;;1;2150;;PAGO NOMINA JUNIO JOSE;1;1;1;UND;1;15/07/2014;1;1;67;616
617;12;5;07/12/2013;;1;1750;;ADELANTO DE QUINCENA ORANGEL;1;1;1;UND;1;07/12/2013;1;1;67;617
618;12;5;15/06/2014;;1;2150;;PAGO JOSE;1;1;1;UND;1;15/06/2014;1;1;67;618
619;12;5;16/03/2014;;1;1900;;PAGO A JOSE QUINCENA;1;1;1;UND;1;16/03/2014;1;1;67;619
620;12;5;02/02/2014;;1;1650;;PAGO A JOSE QUINCENA;1;1;1;UND;1;02/02/2014;1;1;67;620
621;12;5;29/12/2013;;1;1750;;ORANGE 2DA QUINCENA DICIEMBRE;1;1;1;UND;1;29/12/2013;1;1;67;621
622;12;5;05/10/2014;;1;2150;;pago a rauly;1;1;1;UND;1;05/10/2014;1;1;67;622
623;12;5;01/12/2013;;1;1000;;ORANGEL;1;1;1;UND;1;01/12/2013;1;1;67;623
624;12;5;04/06/2014;;1;2150;;PAGO JOSE;1;1;1;UND;1;04/06/2014;1;1;67;624
625;12;5;16/01/2014;;1;1750;;ORANGEL;1;1;1;UND;1;16/01/2014;1;1;67;625
626;12;5;14/05/2014;;1;2150;;JOSE;1;1;1;UND;1;14/05/2014;1;1;67;626
627;12;5;14/05/2014;;1;2150;;RAWIN;1;1;1;UND;1;14/05/2014;1;1;67;627
628;12;5;15/12/2013;;1;1485;;PEDRO - QUINCENA;1;1;1;UND;1;15/12/2013;1;1;67;628
629;12;5;05/10/2014;;1;2150;;pago a jose;1;1;1;UND;1;05/10/2014;1;1;67;629
630;12;5;18/04/2014;;1;1900;;PAGO DE 1RA QUINCENA ABRIL A JOSE;1;1;1;UND;1;18/04/2014;1;1;67;630
631;12;5;05/04/2014;;1;1800;;PAGO A DANIEL 1RA QUINCENA ABRIL;1;1;1;UND;1;05/04/2014;1;1;67;631
632;12;5;16/08/2014;;1;2150;;pago a jose;1;1;1;UND;1;16/08/2014;1;1;67;632
633;12;5;02/07/2014;;1;2150;;PAGO NOMINA JUNIO JOSE;1;1;1;UND;1;02/07/2014;1;1;67;633
634;12;5;30/04/2014;;1;1400;;PRIMO DE JOSE (DESDE EL 20 DE ABRIL);1;1;1;UND;1;30/04/2014;1;1;67;634
635;12;5;15/09/2014;;1;2150;;pago a jose;1;1;1;UND;1;15/09/2014;1;1;67;635
636;12;5;06/04/2014;;1;320;;RENUNCIA DE DANIEL;1;1;1;UND;1;06/04/2014;1;1;67;636
637;12;5;05/04/2014;;1;1900;;PAGO A JOSE 1RA QUINCENA ABRIL;1;1;1;UND;1;05/04/2014;1;1;67;637
638;7;5;29/08/2014;;1;800;;motor para friser;1;1;1;UND;1;29/08/2014;1;1;68;638
639;4;5;24/01/2014;;3,5;250;;PAGO MANO DE OBRA 3,5 DIAS;1;1;1;UND;1;24/01/2014;1;1;69;639
640;4;5;17/01/2014;;1;250;;DIA DE TRABAJO WICHO;1;1;1;UND;1;17/01/2014;1;1;69;640
641;7;5;19/02/2014;;1;65;;PRESTAMO 105 CHIMO + ENO;1;1;1;UND;1;19/02/2014;1;1;69;641
642;4;5;12/01/2014;;1;250;;EMPALIZADA - PUESTA DE MADRINAS;1;1;1;UND;1;12/01/2014;1;1;69;642
643;5;5;12/10/2014;;1;500;;FRISADO + DESAYUNO;1;1;1;UND;1;12/10/2014;1;1;69;643
644;5;5;13/06/2014;;1;360;;COMIDA;1;1;1;UND;1;13/06/2014;1;1;69;644
645;5;5;08/07/2014;;1;300;;MANO DE OBRA WICHO ;1;1;1;UND;1;08/07/2014;1;1;69;645
646;5;5;13/06/2014;;2;500;;MANO DE OBRA DOS DIAS / DOS PERSONAS;1;1;1;UND;1;13/06/2014;1;1;69;646
647;5;5;08/07/2014;;1;165;;DESAYUNO;1;1;1;UND;1;08/07/2014;1;1;69;647
648;7;5;02/02/2014;;1;150;;COMIDA JORGE+NESTOR+VICTOR+ JOSE;1;1;1;UND;1;02/02/2014;1;1;69;648
649;5;5;08/07/2014;;1;300;;MANO DE OBRA VICTOR PADRE;1;1;1;UND;1;08/07/2014;1;1;69;649
650;3;5;05/12/2013;;1;8880;;REPARACION MOTOR;1;1;1;UND;1;05/12/2013;1;1;69;650
651;5;5;24/01/2014;;1;8000;;MANO DE OBRA;1;1;1;UND;1;24/01/2014;1;1;69;651
652;2;5;06/09/2014;;1;4000;;mano de obra inyectores ;1;1;1;UND;1;06/09/2014;1;1;69;652
653;3;5;05/12/2013;;1;150;;REPARACION RADIADOR;1;1;1;UND;1;05/12/2013;1;1;69;653
654;3;5;05/02/2014;;1;400;;RADIADOR DE LA CAMIONETA;1;1;1;UND;1;05/02/2014;1;1;69;654
655;3;5;31/12/2013;;1;1600;;REP. DE CAMIONETA (TREN DELANTERO);1;1;1;UND;1;31/12/2013;1;1;69;655
656;2;5;15/08/2014;;1;13500;;pago reparacion de motor 1ra;1;1;1;UND;1;15/08/2014;1;1;69;656
657;2;5;08/07/2014;;1;5000;;ADELANTO DE MOTOR;1;1;1;UND;1;08/07/2014;1;1;69;657
658;7;5;28/02/2014;;1;40;;TARJETA MOVILNET    ;1;1;1;UND;1;28/02/2014;1;1;69;658
659;3;5;19/03/2014;;1;7000;;REPARACION DE CAJA DE CAMIONETA;1;1;1;UND;1;19/03/2014;1;1;69;659
660;2;5;13/05/2014;;1;1800;;SERVICIO AL RADIADOR;1;1;1;UND;1;13/05/2014;1;1;69;660
661;2;5;07/08/2014;;1;300;;VIATICOS POR VIAJE A CAMBIAR ANILLOS;1;1;1;UND;1;07/08/2014;1;1;69;661
662;2;5;08/05/2014;;2;40;;AJUSTE DE TERMINALES;1;1;1;UND;1;08/05/2014;1;1;69;662
663;7;5;08/07/2014;;1;1300;;REPARACION DE MOTOSIERRA Y BASTON;1;1;1;UND;1;08/07/2014;1;1;69;663
664;7;5;25/05/2014;;1;350;;WICHO TUBOS;1;1;1;UND;1;25/05/2014;1;1;69;664
665;2;5;18/05/2014;;1;3000;;MANO DE OBRA(PUENTE CENTRAL) FRENOS Y ACEITE;1;1;1;UND;1;18/05/2014;1;1;69;665
666;4;5;21/01/2014;;1;182;;COMIDA WICHO + CIGARRO;1;1;1;UND;1;21/01/2014;1;1;69;666
667;2;5;28/09/2014;;1;1200;;ALINEACION Y CAMBIO DE CAUCHOS;1;1;1;UND;1;28/09/2014;1;1;69;667
668;2;5;28/08/2014;;1;3000;;mano de obra motor;1;1;1;UND;1;28/08/2014;1;1;69;668
669;2;5;15/08/2014;;1;13500;;pago reparacion de motor 2da;1;1;1;UND;1;15/08/2014;1;1;69;669
670;7;5;13/02/2014;;1;1300;;REPARACION DE DESMALEZADORA;1;1;1;UND;1;13/02/2014;1;1;69;670
671;2;5;27/06/2014;;1;1500;;REPARACION DE FRENOS TRASEROS;1;1;1;UND;1;27/06/2014;1;1;69;671
672;4;5;28/06/2014;;1;884;;ADELANTO A JOSE;1;1;1;UND;1;28/06/2014;1;1;69;672
673;7;5;23/02/2014;;1;45;;ENO PARA JOSE;1;1;1;UND;1;23/02/2014;1;1;69;673
674;5;5;22/06/2014;;1;375;;COMIDA PARA TRES PERSONAS;1;1;1;UND;1;22/06/2014;1;1;69;674
675;4;5;14/05/2014;;1;1000;;ADELANTO DE CERCA;1;1;1;UND;1;14/05/2014;1;1;69;675
676;3;5;06/05/2014;;1;420;;REPARACION DE CAMIONETA;1;1;1;UND;1;06/05/2014;1;1;69;676
677;7;5;31/03/2014;;1;45;;MAIZ PARA JOSE;1;1;1;UND;1;31/03/2014;1;1;69;677
678;2;5;10/05/2014;;1;6000;;MANO DE OBRA REP. DE CAMION(FLETE) ;1;1;1;UND;1;10/05/2014;1;1;69;678
679;8;5;02/02/2014;;2;48;;SAL BLANCA;1;1;1;SACO;1;02/02/2014;1;1;70;679
680;8;5;01/01/2014;;3;50;;SAL ROJA;1;1;1;UND;1;01/01/2014;1;1;70;680
681;8;5;14/06/2014;;1;80;;SAL 20KG;1;1;1;UND;1;14/06/2014;1;1;70;681
682;7;5;06/05/2014;;1;280;;ARCO DE SEGUEA STANLEY;1;1;1;UND;1;06/05/2014;1;1;71;682
683;2;5;05/07/2014;;1;777;;SEGURO RCV (2da CUOTA);1;1;1;UND;1;05/07/2014;1;1;72;683
684;2;5;29/05/2014;;1;785;;SEGURO RCV (1RA CUOTA);1;1;1;UND;1;29/05/2014;1;1;72;684
685;23;5;25/02/2014;;4;196;;SEPARADORES DE HUEVO;1;1;1;UND;1;25/02/2014;1;1;73;685
686;23;5;15/04/2014;;10;277;;SEPARADORES DE HUEVO;1;1;1;UND;1;15/04/2014;1;1;73;686
687;23;5;20/03/2014;;7;187;;SEPARADORES DE HUEVO;1;1;1;UND;1;20/03/2014;1;1;73;687
688;23;5;25/01/2014;;1;263;;SEPARADORES DE HUEVO;1;1;1;UND;1;25/01/2014;1;1;73;688
689;7;5;12/10/2014;;2;50;;TALONARIO;1;1;1;UND;1;12/10/2014;1;1;74;689
690;7;5;24/04/2014;;1;218;;"TENAZA DE 8"" FERMETAL";1;1;1;UND;1;24/04/2014;1;1;75;690
691;2;5;15/07/2014;;1;750;;REVISION;1;1;1;UND;1;15/07/2014;1;1;76;691
692;12;5;15/12/2013;;1;1750;;ORANGEL - UTILIDADES;1;1;1;UND;1;15/12/2013;1;1;77;692
693;12;5;15/12/2013;;1;500;;PEDRO - UTILIDADES (5 DIAS);1;1;1;UND;1;15/12/2013;1;1;77;693
694;14;5;11/04/2014;;1;34;;NEW CASTLE;1;1;1;UND;1;11/04/2014;1;1;78;694
695;14;5;30/04/2014;;1;50;;GOMBORO;1;1;1;UND;1;30/04/2014;1;1;78;695
696;20;5;24/11/2013;;1;45;;VACUNA(NEW CASTLE);1;1;1;UND;1;24/11/2013;1;1;78;696
697;20;5;09/11/2013;;1;52;;VACUNA( GOMBORO);1;1;1;UND;1;09/11/2013;1;1;78;697
698;20;5;09/11/2013;;1;140;;VACUNA(NEW CASTLE);1;1;1;UND;1;09/11/2013;1;1;78;698
699;14;5;16/05/2014;;2;34;;NEW CASTLE;1;1;1;UND;1;16/05/2014;1;1;78;699
700;19;5;01/12/2013;;1;34;;NEW CASTLE;1;1;1;UND;1;01/12/2013;1;1;78;700
701;22;5;16/11/2013;;1;51;;VACUNA( GOMBORO);1;1;1;UND;1;16/11/2013;1;1;78;701
702;14;5;14/04/2014;;1;34;;NEW CASTLE;1;1;1;UND;1;14/04/2014;1;1;78;702
703;8;5;08/07/2014;;1;270;;AFTOVAC B 50 DS ;1;1;1;UND;1;08/07/2014;1;1;78;703
704;22;5;25/10/2013;;1;80;;VACUNA (NEW CASTLE);1;1;1;UND;1;25/10/2013;1;1;78;704
705;22;5;25/10/2013;;1;45;;VACUNA( GOMBORO);1;1;1;UND;1;25/10/2013;1;1;78;705
706;14;5;30/04/2014;;1;50;;NEW CASTLE;1;1;1;UND;1;30/04/2014;1;1;78;706
707;19;5;01/12/2013;;1;51;;GAMBORO;1;1;1;UND;1;01/12/2013;1;1;78;707
708;7;5;21/05/2014;;1;75;;BOBITA PARA EL BECERRO;1;1;1;UND;1;21/05/2014;1;1;78;708
709;21;5;21/02/2014;;1;51;;GOMBORO;1;1;1;UND;1;21/02/2014;1;1;78;709
710;21;5;04/02/2014;;1;162;;NEW CASTLE;1;1;1;UND;1;04/02/2014;1;1;78;710
711;21;5;08/02/2014;;1;140;;GUMBORO;1;1;1;UND;1;08/02/2014;1;1;78;711
712;20;5;24/11/2013;;1;40;;VACUNA(GOMBORO);1;1;1;UND;1;24/11/2013;1;1;78;712
713;14;5;14/04/2014;;1;63;;GOMBORO;1;1;1;UND;1;14/04/2014;1;1;78;713
714;21;5;21/02/2014;;1;34;;NEW CASTLE;1;1;1;UND;1;21/02/2014;1;1;78;714
715;14;5;16/05/2014;;2;58;;GOMBORO;1;1;1;UND;1;16/05/2014;1;1;78;715
716;14;5;11/04/2014;;1;63;;GOMBORO;1;1;1;UND;1;11/04/2014;1;1;78;716
717;22;5;16/11/2013;;1;34;;VACUNA (NEW CASTLE);1;1;1;UND;1;16/11/2013;1;1;78;717
718;7;5;19/02/2014;;1;80;;GASTOS TARJETAS JOSE (CTA x COBRAR);1;1;1;UND;1;19/02/2014;1;1;79;718
719;7;5;04/06/2014;;1;90;;COLETO;1;1;1;UND;1;04/06/2014;1;1;79;719
720;7;5;21/02/2014;;1;200;;PORTA NAILON UNIVERSAL;1;1;1;UND;1;21/02/2014;1;1;79;720
721;7;5;02/07/2014;;1;30;;VARIOS;1;1;1;UND;1;02/07/2014;1;1;79;721
722;7;5;25/01/2014;;3,5;63;;MECATE PARA BOMBA SUMERGIBLE;1;1;1;KG;1;25/01/2014;1;1;79;722
723;7;5;21/04/2014;;1;300;;AZUCAR, BOMBILLO, CREOLINA;1;1;1;UND;1;21/04/2014;1;1;79;723
724;7;5;18/04/2014;;3;120;;CONCHA PARA VACULA;1;1;1;UND;1;18/04/2014;1;1;79;724
725;7;5;15/08/2014;;1;40;;MEDICINA TRABAJADOR;1;1;1;UND;1;15/08/2014;1;1;79;725
726;7;5;18/05/2014;;1;100;;VARIOS;1;1;1;UND;1;18/05/2014;1;1;79;726
727;7;5;06/04/2014;;1;100;;ACE + ENO + CLORO;1;1;1;UND;1;06/04/2014;1;1;79;727
728;7;5;14/09/2014;;1;315;;CREOLINA;1;1;1;UND;1;14/09/2014;1;1;79;728
729;7;5;06/09/2014;;1;139;;MECATE;1;1;1;UND;1;06/09/2014;1;1;79;729
730;7;5;31/08/2014;;1;135;;"SAL;BOMBILLO";1;1;1;UND;1;31/08/2014;1;1;79;730
731;7;5;08/06/2014;;1;140;;CREOLINA;1;1;1;UND;1;08/06/2014;1;1;79;731
732;7;5;02/02/2014;;2;115;;50 METROS DE MECATE CALIBRE 10mm;1;1;1;KG;1;02/02/2014;1;1;79;732
733;7;5;19/02/2014;;1;80;;GASTOS TARJETAS JOSE (CTA x COBRAR);1;1;1;UND;1;19/02/2014;1;1;80;733
734;7;5;04/06/2014;;1;90;;COLETO;1;1;1;UND;1;04/06/2014;1;1;80;734
735;7;5;21/02/2014;;1;200;;PORTA NAILON UNIVERSAL;1;1;1;UND;1;21/02/2014;1;1;80;735
736;7;5;02/07/2014;;1;30;;VARIOS;1;1;1;UND;1;02/07/2014;1;1;80;736
737;7;5;25/01/2014;;3,5;63;;MECATE PARA BOMBA SUMERGIBLE;1;1;1;KG;1;25/01/2014;1;1;80;737
738;7;5;21/04/2014;;1;300;;AZUCAR, BOMBILLO, CREOLINA;1;1;1;UND;1;21/04/2014;1;1;80;738
739;7;5;18/04/2014;;3;120;;CONCHA PARA VACULA;1;1;1;UND;1;18/04/2014;1;1;80;739
740;7;5;15/08/2014;;1;40;;MEDICINA TRABAJADOR;1;1;1;UND;1;15/08/2014;1;1;80;740
741;7;5;18/05/2014;;1;100;;VARIOS;1;1;1;UND;1;18/05/2014;1;1;80;741
742;7;5;06/04/2014;;1;100;;ACE + ENO + CLORO;1;1;1;UND;1;06/04/2014;1;1;80;742
743;7;5;14/09/2014;;1;315;;CREOLINA;1;1;1;UND;1;14/09/2014;1;1;80;743
744;7;5;06/09/2014;;1;139;;MECATE;1;1;1;UND;1;06/09/2014;1;1;80;744
745;7;5;31/08/2014;;1;135;;"SAL;BOMBILLO";1;1;1;UND;1;31/08/2014;1;1;80;745
746;7;5;08/06/2014;;1;140;;CREOLINA;1;1;1;UND;1;08/06/2014;1;1;80;746
747;7;5;02/02/2014;;2;115;;50 METROS DE MECATE CALIBRE 10mm;1;1;1;KG;1;02/02/2014;1;1;80;747
748;7;5;21/04/2014;;1;104;;VENENO RATON;1;1;1;UND;1;21/04/2014;1;1;81;748
749;7;5;31/08/2014;;1;310;;VENENO DE RATON 3-10-14;1;1;1;UND;1;31/08/2014;1;1;81;749
750;7;5;18/05/2014;;1;300;;VENENO RATON;1;1;1;UND;1;18/05/2014;1;1;81;750
751;7;5;21/04/2014;;1;40;;VENENO MOSCA;1;1;1;UND;1;21/04/2014;1;1;82;751
752;18;5;21/02/2014;;1;300;;MULTIVITAMINA LA GRUA;1;1;1;UND;1;21/02/2014;1;1;83;752
753;8;5;30/03/2014;;1;155;;VITAMINAS;1;1;1;UND;1;30/03/2014;1;1;83;753
754;15;5;12/06/2014;;1;285;;PROMOTOR DE CRECIMIENTO;1;1;1;UND;1;12/06/2014;1;1;83;754
755;23;5;26/07/2014;;1;210;;VITA PRO;1;1;1;UND;1;26/07/2014;1;1;83;755
756;23;5;10/10/2014;;2;135;;VITA PRO;1;1;1;UND;1;10/10/2014;1;1;83;756
757;23;5;05/08/2014;;1;135;;VITA PRO;1;1;1;UND;1;05/08/2014;1;1;83;757
758;8;5;06/09/2014;;1;288;;vitamina;1;1;1;UND;1;06/09/2014;1;1;83;758
759;7;5;06/09/2014;;1;685;;DESPACADAC 5 LT;1;1;1;UND;1;06/09/2014;1;1;83;759
760;14;5;11/04/2014;;1;355;;PROMOTOR L;1;1;1;UND;1;11/04/2014;1;1;83;760
761;22;5;21/01/2014;;1;228;;VITAMINA K + YODO PARA CICATRIZAR;1;1;1;UND;1;21/01/2014;1;1;83;761
762;7;5;19/02/2014;;1;4000;;YEGUA;1;1;1;UND;1;19/02/2014;1;1;84;762
763;7;5;31/03/2014;;1;450;;PAGO DE YEGUA;1;1;1;UND;1;31/03/2014;1;1;84;763
